regime,seed,model,view,silo,auprc,roc_auc,recall_at_5fpr,gpu_hours,tokens_seen
local,42,local_lora,pooled,BioMed Central,0.4620374474036124,0.6089395017407031,0.11921182266009853,1.41,269354080
local,42,local_lora,own_silo,BioMed Central,0.4915808651420065,0.7096266306792622,0.07017543859649122,1.41,269354080
local,42,local_lora,out_silo,BioMed Central,0.4605779165803079,0.6030542662170624,0.12004175365344467,1.41,269354080
local,42,local_lora,prospective,BioMed Central,0.8031182866629091,0.6976190476190476,0.4666666666666667,1.41,269354080
local,42,local_lora,pooled,Dove Medical Press,0.49653164785101706,0.6382115565307597,0.13497536945812807,1.41,269354080
local,42,local_lora,own_silo,Dove Medical Press,0.5710393478638188,0.7255434782608696,0.2608695652173913,1.41,269354080
local,42,local_lora,out_silo,Dove Medical Press,0.4941042906248184,0.6352061299116544,0.12693498452012383,1.41,269354080
local,42,local_lora,prospective,Dove Medical Press,0.6850848564147797,0.7,0.0,1.41,269354080
local,42,local_lora,pooled,Elsevier BV,0.4224481453539622,0.5921209422064837,0.0729064039408867,1.41,269354080
local,42,local_lora,own_silo,Elsevier BV,0.44312142839988905,0.6283895502645502,0.07142857142857142,1.41,269354080
local,42,local_lora,out_silo,Elsevier BV,0.4214676239986204,0.5896171520010953,0.07194994786235662,1.41,269354080
local,42,local_lora,prospective,Elsevier BV,0.605347983400615,0.6333333333333333,0.0,1.41,269354080
local,42,local_lora,pooled,Frontiers Media,0.4372707890219433,0.5858918863138914,0.0916256157635468,1.41,269354080
local,42,local_lora,own_silo,Frontiers Media,0.5771147885438795,0.7108231707317073,0.2682926829268293,1.41,269354080
local,42,local_lora,out_silo,Frontiers Media,0.4339318084678724,0.5802091400638043,0.09240246406570841,1.41,269354080
local,42,local_lora,prospective,Frontiers Media,0.7341397885104979,0.6904761904761905,0.13333333333333333,1.41,269354080
local,42,local_lora,pooled,Hindawi Publishing Corporation,0.5446165572792078,0.6878802526599356,0.17536945812807883,1.41,269354080
local,42,local_lora,own_silo,Hindawi Publishing Corporation,0.6263368612164733,0.7440951449945561,0.19868995633187772,1.41,269354080
local,42,local_lora,out_silo,Hindawi Publishing Corporation,0.46463107236992846,0.6472962432506943,0.11310592459605028,1.41,269354080
local,42,local_lora,prospective,Hindawi Publishing Corporation,0.6699955464864187,0.7095238095238096,0.0,1.41,269354080
local,42,local_lora,pooled,Other,0.5221396001642369,0.6833161344985091,0.15369458128078817,1.41,269354080
local,42,local_lora,own_silo,Other,0.6380546864815049,0.7308867233395535,0.27692307692307694,1.41,269354080
local,42,local_lora,out_silo,Other,0.500844532731747,0.6695776921386677,0.12073170731707317,1.41,269354080
local,42,local_lora,prospective,Other,0.6898459483985799,0.7261904761904762,0.0,1.41,269354080
local,42,local_lora,pooled,Public Library of Science,0.4890132594022709,0.6714994487320838,0.10147783251231528,1.41,269354080
local,42,local_lora,own_silo,Public Library of Science,0.7249032577579748,0.8186072218128224,0.4406779661016949,1.41,269354080
local,42,local_lora,out_silo,Public Library of Science,0.4786456129885597,0.6556668975147236,0.09364548494983277,1.41,269354080
local,42,local_lora,prospective,Public Library of Science,0.8748764873470756,0.8190476190476191,0.5333333333333333,1.41,269354080
local,42,local_lora,pooled,Spandidos Publishing,0.45889047783731085,0.5643142281434491,0.14482758620689656,1.41,269354080
local,42,local_lora,own_silo,Spandidos Publishing,0.6309735416569265,0.7982226107226107,0.18181818181818182,1.41,269354080
local,42,local_lora,out_silo,Spandidos Publishing,0.45160718391182897,0.5595765090860768,0.1349124613800206,1.41,269354080
local,42,local_lora,prospective,Spandidos Publishing,0.6738997915735283,0.7142857142857143,0.0,1.41,269354080
local,42,local_lora,pooled_personal,ALL,0.617532489086726,0.7442991293768771,0.2354679802955665,1.41,269354080
