seed,exp,model,sigma,epsilon,n_clients,auprc,roc_auc,recall_at_5fpr,mia_auc,mia_adv
43,journal,dp_fedavg_emb,0.0,inf,230,0.6275836681128601,0.7929699078927392,0.32335414301929627,0.50527442,0.01880000000000001
43,journal,dp_fedavg_emb,0.5,50.301726361194156,230,0.505852358473944,0.70258306922767,0.20402951191827468,0.50337036,0.01860000000000006
43,journal,dp_fedavg_emb,1.0,11.01567128229855,230,0.29892239804795695,0.5191385918841239,0.04937570942111237,0.49891288,0.00720000000000004
43,journal,dp_fedavg_emb,2.0,3.6797458455819227,230,0.26083000735789974,0.4536645564503673,0.03263337116912599,0.49704906,0.01040000000000002
43,journal,dp_fedavg_emb,4.0,1.5568078922121804,230,0.2654946420916343,0.46409138313373693,0.03206583427922815,0.49944922,0.0126
42,journal,dp_fedavg_emb,0.0,inf,227,0.6146551958286478,0.7838391734533388,0.30675368898978433,0.49913992000000007,0.017400000000000082
42,journal,dp_fedavg_emb,0.5,50.301726361194156,227,0.4740858912780379,0.6957782255122784,0.17806469920544835,0.48541314,0.0040000000000000036
42,journal,dp_fedavg_emb,1.0,11.01567128229855,227,0.321895393283238,0.5454863153612223,0.06824631101021567,0.50455484,0.023799999999999988
42,journal,dp_fedavg_emb,2.0,3.6797458455819227,227,0.2934160800298281,0.5093450683443237,0.047105561861521,0.49796366,0.013600000000000056
42,journal,dp_fedavg_emb,4.0,1.5568078922121804,227,0.3008406288451787,0.5318842315116725,0.044125993189557323,0.49389508000000004,0.008199999999999985
44,journal,dp_fedavg_emb,0.0,inf,231,0.6266861622742932,0.7960139529618063,0.32009080590238365,0.51202628,0.024600000000000066
44,journal,dp_fedavg_emb,0.5,50.301726361194156,231,0.47127382581081034,0.6778299617413753,0.17877412031782067,0.50948806,0.024399999999999977
44,journal,dp_fedavg_emb,1.0,11.01567128229855,231,0.32172641315539074,0.5579441814159437,0.06001702610669694,0.50205182,0.01539999999999997
44,journal,dp_fedavg_emb,2.0,3.6797458455819227,231,0.2613652992034454,0.4559030285832215,0.029228149829738932,0.49781186,0.005799999999999972
44,journal,dp_fedavg_emb,4.0,1.5568078922121804,231,0.2562300540719724,0.44464382541553094,0.029370034052213393,0.49809302,0.009000000000000008
46,journal,dp_fedavg_emb,0.0,inf,222,0.6320363502715086,0.7966363580497237,0.3280363223609535,0.50229892,0.01479999999999998
46,journal,dp_fedavg_emb,0.5,50.301726361194156,222,0.4674377463462104,0.6894815524220714,0.17040295119182747,0.50005752,0.011599999999999944
46,journal,dp_fedavg_emb,1.0,11.01567128229855,222,0.28405368898193745,0.4985208960050267,0.04128830874006811,0.50426522,0.01880000000000004
46,journal,dp_fedavg_emb,2.0,3.6797458455819227,222,0.27988829560982054,0.49692453829707384,0.035896708286038595,0.50162386,0.011199999999999988
46,journal,dp_fedavg_emb,4.0,1.5568078922121804,222,0.2748350895117915,0.49087525065938786,0.03376844494892168,0.5023654200000001,0.011800000000000033
45,journal,dp_fedavg_emb,0.0,inf,229,0.6237652676411086,0.7880985263101163,0.32434733257661746,0.5095551199999999,0.018200000000000105
45,journal,dp_fedavg_emb,0.5,50.301726361194156,229,0.4776624101386188,0.6756315901811847,0.18246311010215663,0.50453922,0.020999999999999963
45,journal,dp_fedavg_emb,1.0,11.01567128229855,229,0.34697494295797193,0.5688084871904919,0.08200908059023837,0.50772484,0.0252
45,journal,dp_fedavg_emb,2.0,3.6797458455819227,229,0.31608891703751996,0.5440183065974273,0.061152099886492624,0.5035372,0.01599999999999996
45,journal,dp_fedavg_emb,4.0,1.5568078922121804,229,0.31439909962181023,0.5392454141901968,0.05831441543700341,0.50198694,0.013399999999999967
