run,model,mia_auc,mia_adv
c3_lora_8192/scores_central_s42,central_lora,0.5171541129399951,0.04524566984800282
c3_lora_8192/scores_central_s42_smoke,central_lora,0.5100488249572153,0.05685618729096986
c3_lora_8192/scores_fedavg_s42,fl_fedavg_lora,0.5051780272517097,0.03145987981618947
c3_lora_abstracts/scores_central_s42,central_lora,0.51417488,0.02980000000000005
c3_lora_abstracts/scores_central_s42_smoke,central_lora,0.4921896846791423,0.026755852842809347
c3_lora_abstracts/scores_central_s43,central_lora,0.5233941,0.038999999999999924
c3_lora_abstracts/scores_central_s44,central_lora,0.51191378,0.032400000000000095
c3_lora_abstracts/scores_ditto_s42,fl_fedavg_lora,0.5119988,0.02640000000000009
c3_lora_abstracts/scores_ditto_s42_smoke,fl_fedavg_lora,0.47480453238778086,0.02006688963210712
c3_lora_abstracts/scores_ditto_s43,fl_fedavg_lora,0.5080298599999999,0.01959999999999995
c3_lora_abstracts/scores_ditto_s44,fl_fedavg_lora,0.5023531,0.013000000000000012
c3_lora_abstracts/scores_dpsgd_central_s42_eps3,dpsgd_central_lora,0.5045238400000001,0.015000000000000013
c3_lora_abstracts/scores_dpsgd_central_s42_eps8,dpsgd_central_lora,0.50461814,0.013800000000000034
c3_lora_abstracts/scores_dpsgd_central_s42_eps8_smoke,dpsgd_central_lora,0.49306914911466315,0.03177257525083621
c3_lora_abstracts/scores_dpsgd_fedavg_s42_eps8,dpsgd_fedavg_lora,0.50223728,0.010600000000000054
c3_lora_abstracts/scores_dpsgd_fedavg_s42_eps8_smoke,dpsgd_fedavg_lora,0.4877685931924699,0.02842809364548493
c3_lora_abstracts/scores_fedavg_s42,fl_fedavg_lora,0.51271592,0.027000000000000024
c3_lora_abstracts/scores_fedavg_s43,fl_fedavg_lora,0.50759854,0.017000000000000015
c3_lora_abstracts/scores_fedavg_s44,fl_fedavg_lora,0.5025457799999999,0.012399999999999967
c3_lora_abstracts_modernbert-large/scores_central_s42,central_lora,0.5185398,0.04380000000000006
c3_lora_abstracts_modernbert-large/scores_central_s42_smoke,central_lora,0.4926510889139943,0.04347826086956519
c3_lora_abstracts_modernbert-large/scores_central_s43,central_lora,0.51846854,0.03159999999999996
c3_lora_abstracts_modernbert-large/scores_central_s44,central_lora,0.5142724,0.03300000000000003
c3_lora_abstracts_modernbert-large/scores_fedavg_s42,fl_fedavg_lora,0.5160347599999999,0.03500000000000003
c3_lora_abstracts_modernbert-large/scores_fedavg_s43,fl_fedavg_lora,0.50981382,0.021199999999999997
c3_lora_abstracts_modernbert-large/scores_fedavg_s44,fl_fedavg_lora,0.50502676,0.01479999999999998
c3_lora_abstracts_qwen3-1.7b/scores_central_s42,central_lora,0.53203102,0.07000000000000006
c3_lora_abstracts_qwen3-1.7b/scores_central_s42_smoke,central_lora,0.4983864833726692,0.041806020066889604
c3_lora_abstracts_qwen3-1.7b/scores_central_s43,central_lora,0.52761758,0.049800000000000066
c3_lora_abstracts_qwen3-1.7b/scores_central_s44,central_lora,0.5066335200000001,0.019799999999999984
c3_lora_abstracts_qwen3-1.7b/scores_fedavg_s42,fl_fedavg_lora,0.5123541800000001,0.025999999999999968
c3_lora_abstracts_qwen3-1.7b/scores_fedavg_s43,fl_fedavg_lora,0.50765366,0.019600000000000062
c3_lora_abstracts_qwen3-1.7b/scores_fedavg_s44,fl_fedavg_lora,0.50544254,0.015199999999999991
c3_lora_ftabs/scores_central_s42,central_lora,0.5334884954732715,0.06751502297631673
c3_lora_ftabs/scores_central_s42_smoke,central_lora,0.5172649075513697,0.06020066889632103
c3_lora_ftabs/scores_central_s43,central_lora,0.5180414409612306,0.03534817956875225
c3_lora_ftabs/scores_central_s44,central_lora,0.5200188273725607,0.04135737009544005
c3_lora_ftabs/scores_fedavg_s42,fl_fedavg_lora,0.5031086156220961,0.0328738069989396
c3_lora_ftabs/scores_fedavg_s43,fl_fedavg_lora,0.5152150859882889,0.03322728879462711
c3_lora_ftabs/scores_fedavg_s44,fl_fedavg_lora,0.5211896030620595,0.03640862495581487
