run,seed,model,country,n_neg,n_pos,fpr,tpr
c3_lora_abstracts,42,central_lora,CN,4766,3904,0.1156105749055812,0.6144979508196722
c3_lora_abstracts,42,central_lora,DE,514,59,0.011673151750972763,0.03389830508474576
c3_lora_abstracts,42,central_lora,GB,589,74,0.010186757215619695,0.21621621621621623
c3_lora_abstracts,42,central_lora,IN,688,543,0.07267441860465117,0.3443830570902394
c3_lora_abstracts,42,central_lora,IR,367,204,0.043596730245231606,0.22058823529411764
c3_lora_abstracts,42,central_lora,IT,360,64,0.011111111111111112,0.125
c3_lora_abstracts,42,central_lora,JP,498,94,0.01606425702811245,0.14893617021276595
c3_lora_abstracts,42,central_lora,KR,350,94,0.06,0.4148936170212766
c3_lora_abstracts,42,central_lora,US,2373,417,0.008849557522123894,0.17026378896882494
c3_lora_abstracts,42,central_lora,other,5255,1081,0.018648905803996193,0.22294172062904719
c3_lora_abstracts,42,central_lora,unknown,1510,514,0.05231788079470199,0.5408560311284046
c3_lora_abstracts,43,central_lora,CN,4687,3923,0.11713249413270749,0.6186591893958705
c3_lora_abstracts,43,central_lora,DE,558,57,0.005376344086021506,0.10526315789473684
c3_lora_abstracts,43,central_lora,GB,543,50,0.011049723756906077,0.28
c3_lora_abstracts,43,central_lora,IN,712,497,0.08146067415730338,0.4124748490945674
c3_lora_abstracts,43,central_lora,IR,318,164,0.05660377358490566,0.3902439024390244
c3_lora_abstracts,43,central_lora,IT,387,70,0.012919896640826873,0.17142857142857143
c3_lora_abstracts,43,central_lora,JP,527,105,0.007590132827324478,0.23809523809523808
c3_lora_abstracts,43,central_lora,KR,340,110,0.047058823529411764,0.33636363636363636
c3_lora_abstracts,43,central_lora,US,2380,377,0.007983193277310924,0.21485411140583555
c3_lora_abstracts,43,central_lora,other,5283,1146,0.022903653227332954,0.2600349040139616
c3_lora_abstracts,43,central_lora,unknown,1535,549,0.040390879478827364,0.5264116575591985
c3_lora_abstracts,44,central_lora,CN,4712,3894,0.11778438030560272,0.6430405752439651
c3_lora_abstracts,44,central_lora,DE,527,60,0.009487666034155597,0.15
c3_lora_abstracts,44,central_lora,GB,556,69,0.014388489208633094,0.17391304347826086
c3_lora_abstracts,44,central_lora,IN,651,527,0.055299539170506916,0.3700189753320683
c3_lora_abstracts,44,central_lora,IR,357,184,0.0392156862745098,0.1956521739130435
c3_lora_abstracts,44,central_lora,IT,385,74,0.01038961038961039,0.12162162162162163
c3_lora_abstracts,44,central_lora,JP,549,107,0.023679417122040074,0.14953271028037382
c3_lora_abstracts,44,central_lora,KR,360,98,0.06944444444444445,0.41836734693877553
c3_lora_abstracts,44,central_lora,US,2413,385,0.014919187733112309,0.2649350649350649
c3_lora_abstracts,44,central_lora,other,5232,1095,0.019877675840978593,0.2146118721461187
c3_lora_abstracts,44,central_lora,unknown,1528,555,0.0412303664921466,0.5441441441441441
c3_lora_abstracts,42,fl_fedavg_lora,CN,4766,3904,0.12295425933697021,0.5632684426229508
c3_lora_abstracts,42,fl_fedavg_lora,DE,514,59,0.005836575875486381,0.05084745762711865
c3_lora_abstracts,42,fl_fedavg_lora,GB,589,74,0.013582342954159592,0.20270270270270271
c3_lora_abstracts,42,fl_fedavg_lora,IN,688,543,0.06540697674418605,0.285451197053407
c3_lora_abstracts,42,fl_fedavg_lora,IR,367,204,0.051771117166212535,0.17647058823529413
c3_lora_abstracts,42,fl_fedavg_lora,IT,360,64,0.005555555555555556,0.078125
c3_lora_abstracts,42,fl_fedavg_lora,JP,498,94,0.014056224899598393,0.14893617021276595
c3_lora_abstracts,42,fl_fedavg_lora,KR,350,94,0.045714285714285714,0.3829787234042553
c3_lora_abstracts,42,fl_fedavg_lora,US,2373,417,0.008428150021070375,0.12709832134292565
c3_lora_abstracts,42,fl_fedavg_lora,other,5255,1081,0.016745956232159846,0.1711378353376503
c3_lora_abstracts,42,fl_fedavg_lora,unknown,1510,514,0.041721854304635764,0.45136186770428016
c3_lora_abstracts,42,fl_ditto_lora__personal,CN,4766,3904,0.10449013848090642,0.6431864754098361
c3_lora_abstracts,42,fl_ditto_lora__personal,DE,514,59,0.009727626459143969,0.1864406779661017
c3_lora_abstracts,42,fl_ditto_lora__personal,GB,589,74,0.013582342954159592,0.2972972972972973
c3_lora_abstracts,42,fl_ditto_lora__personal,IN,688,543,0.08866279069767442,0.430939226519337
c3_lora_abstracts,42,fl_ditto_lora__personal,IR,367,204,0.07084468664850137,0.29901960784313725
c3_lora_abstracts,42,fl_ditto_lora__personal,IT,360,64,0.016666666666666666,0.3125
c3_lora_abstracts,42,fl_ditto_lora__personal,JP,498,94,0.028112449799196786,0.2127659574468085
c3_lora_abstracts,42,fl_ditto_lora__personal,KR,350,94,0.05714285714285714,0.44680851063829785
c3_lora_abstracts,42,fl_ditto_lora__personal,US,2373,417,0.012642225031605562,0.26139088729016785
c3_lora_abstracts,42,fl_ditto_lora__personal,other,5255,1081,0.024167459562321598,0.303422756706753
c3_lora_abstracts,42,fl_ditto_lora__personal,unknown,1510,514,0.04437086092715232,0.5700389105058365
c3_lora_abstracts,43,fl_fedavg_lora,CN,4687,3923,0.12502666951141456,0.5794035177160336
c3_lora_abstracts,43,fl_fedavg_lora,DE,558,57,0.0035842293906810036,0.10526315789473684
c3_lora_abstracts,43,fl_fedavg_lora,GB,543,50,0.007366482504604052,0.14
c3_lora_abstracts,43,fl_fedavg_lora,IN,712,497,0.08146067415730338,0.3762575452716298
c3_lora_abstracts,43,fl_fedavg_lora,IR,318,164,0.031446540880503145,0.1951219512195122
c3_lora_abstracts,43,fl_fedavg_lora,IT,387,70,0.00516795865633075,0.07142857142857142
c3_lora_abstracts,43,fl_fedavg_lora,JP,527,105,0.013282732447817837,0.14285714285714285
c3_lora_abstracts,43,fl_fedavg_lora,KR,340,110,0.05,0.35454545454545455
c3_lora_abstracts,43,fl_fedavg_lora,US,2380,377,0.0025210084033613447,0.09283819628647215
c3_lora_abstracts,43,fl_fedavg_lora,other,5283,1146,0.019496498201779292,0.19633507853403143
c3_lora_abstracts,43,fl_fedavg_lora,unknown,1535,549,0.04364820846905537,0.44808743169398907
c3_lora_abstracts,43,fl_ditto_lora__personal,CN,4687,3923,0.10881160657136761,0.6456793270456284
c3_lora_abstracts,43,fl_ditto_lora__personal,DE,558,57,0.007168458781362007,0.17543859649122806
c3_lora_abstracts,43,fl_ditto_lora__personal,GB,543,50,0.011049723756906077,0.32
c3_lora_abstracts,43,fl_ditto_lora__personal,IN,712,497,0.06882022471910113,0.45875251509054327
c3_lora_abstracts,43,fl_ditto_lora__personal,IR,318,164,0.059748427672955975,0.2865853658536585
c3_lora_abstracts,43,fl_ditto_lora__personal,IT,387,70,0.012919896640826873,0.2571428571428571
c3_lora_abstracts,43,fl_ditto_lora__personal,JP,527,105,0.036053130929791274,0.26666666666666666
c3_lora_abstracts,43,fl_ditto_lora__personal,KR,340,110,0.052941176470588235,0.41818181818181815
c3_lora_abstracts,43,fl_ditto_lora__personal,US,2380,377,0.011764705882352941,0.2625994694960212
c3_lora_abstracts,43,fl_ditto_lora__personal,other,5283,1146,0.02574294908196101,0.29842931937172773
c3_lora_abstracts,43,fl_ditto_lora__personal,unknown,1535,549,0.04169381107491857,0.5573770491803278
c3_lora_abstracts,44,fl_fedavg_lora,CN,4712,3894,0.12775891341256368,0.6014381099126862
c3_lora_abstracts,44,fl_fedavg_lora,DE,527,60,0.003795066413662239,0.06666666666666667
c3_lora_abstracts,44,fl_fedavg_lora,GB,556,69,0.008992805755395683,0.17391304347826086
c3_lora_abstracts,44,fl_fedavg_lora,IN,651,527,0.06758832565284179,0.32637571157495254
c3_lora_abstracts,44,fl_fedavg_lora,IR,357,184,0.056022408963585436,0.13043478260869565
c3_lora_abstracts,44,fl_fedavg_lora,IT,385,74,0.007792207792207792,0.06756756756756757
c3_lora_abstracts,44,fl_fedavg_lora,JP,549,107,0.020036429872495445,0.07476635514018691
c3_lora_abstracts,44,fl_fedavg_lora,KR,360,98,0.06944444444444445,0.3877551020408163
c3_lora_abstracts,44,fl_fedavg_lora,US,2413,385,0.007045171985080812,0.15064935064935064
c3_lora_abstracts,44,fl_fedavg_lora,other,5232,1095,0.012996941896024464,0.16255707762557078
c3_lora_abstracts,44,fl_fedavg_lora,unknown,1528,555,0.0412303664921466,0.4810810810810811
c3_lora_abstracts,44,fl_ditto_lora__personal,CN,4712,3894,0.10674872665534804,0.655110426296867
c3_lora_abstracts,44,fl_ditto_lora__personal,DE,527,60,0.013282732447817837,0.2
c3_lora_abstracts,44,fl_ditto_lora__personal,GB,556,69,0.01618705035971223,0.21739130434782608
c3_lora_abstracts,44,fl_ditto_lora__personal,IN,651,527,0.07987711213517665,0.46110056925996207
c3_lora_abstracts,44,fl_ditto_lora__personal,IR,357,184,0.06442577030812324,0.2391304347826087
c3_lora_abstracts,44,fl_ditto_lora__personal,IT,385,74,0.012987012987012988,0.22972972972972974
c3_lora_abstracts,44,fl_ditto_lora__personal,JP,549,107,0.04007285974499089,0.17757009345794392
c3_lora_abstracts,44,fl_ditto_lora__personal,KR,360,98,0.08611111111111111,0.4489795918367347
c3_lora_abstracts,44,fl_ditto_lora__personal,US,2413,385,0.012432656444260257,0.2935064935064935
c3_lora_abstracts,44,fl_ditto_lora__personal,other,5232,1095,0.02312691131498471,0.28584474885844746
c3_lora_abstracts,44,fl_ditto_lora__personal,unknown,1528,555,0.03795811518324607,0.581981981981982
c3_lora_abstracts,42,fl_fedavg_lora,CN,4766,3904,0.12106588334032732,0.5719774590163934
c3_lora_abstracts,42,fl_fedavg_lora,DE,514,59,0.005836575875486381,0.03389830508474576
c3_lora_abstracts,42,fl_fedavg_lora,GB,589,74,0.013582342954159592,0.1891891891891892
c3_lora_abstracts,42,fl_fedavg_lora,IN,688,543,0.07267441860465117,0.3001841620626151
c3_lora_abstracts,42,fl_fedavg_lora,IR,367,204,0.05449591280653951,0.1715686274509804
c3_lora_abstracts,42,fl_fedavg_lora,IT,360,64,0.005555555555555556,0.09375
c3_lora_abstracts,42,fl_fedavg_lora,JP,498,94,0.01606425702811245,0.1702127659574468
c3_lora_abstracts,42,fl_fedavg_lora,KR,350,94,0.054285714285714284,0.3829787234042553
c3_lora_abstracts,42,fl_fedavg_lora,US,2373,417,0.008428150021070375,0.12709832134292565
c3_lora_abstracts,42,fl_fedavg_lora,other,5255,1081,0.017507136060894386,0.1868640148011101
c3_lora_abstracts,42,fl_fedavg_lora,unknown,1510,514,0.0423841059602649,0.4591439688715953
c3_lora_abstracts,42,fl_fedavg_lora_ft__personal,CN,4766,3904,0.10176248426353336,0.6498463114754098
c3_lora_abstracts,42,fl_fedavg_lora_ft__personal,DE,514,59,0.01556420233463035,0.1864406779661017
c3_lora_abstracts,42,fl_fedavg_lora_ft__personal,GB,589,74,0.01697792869269949,0.32432432432432434
c3_lora_abstracts,42,fl_fedavg_lora_ft__personal,IN,688,543,0.08575581395348837,0.43646408839779005
c3_lora_abstracts,42,fl_fedavg_lora_ft__personal,IR,367,204,0.05994550408719346,0.30392156862745096
c3_lora_abstracts,42,fl_fedavg_lora_ft__personal,IT,360,64,0.019444444444444445,0.328125
c3_lora_abstracts,42,fl_fedavg_lora_ft__personal,JP,498,94,0.02610441767068273,0.2765957446808511
c3_lora_abstracts,42,fl_fedavg_lora_ft__personal,KR,350,94,0.05142857142857143,0.4148936170212766
c3_lora_abstracts,42,fl_fedavg_lora_ft__personal,US,2373,417,0.014327855035819638,0.290167865707434
c3_lora_abstracts,42,fl_fedavg_lora_ft__personal,other,5255,1081,0.02759276879162702,0.3404255319148936
c3_lora_abstracts,42,fl_fedavg_lora_ft__personal,unknown,1510,514,0.03774834437086093,0.5642023346303502
c3_lora_abstracts,43,fl_fedavg_lora,CN,4687,3923,0.12225304032430126,0.5717563089472343
c3_lora_abstracts,43,fl_fedavg_lora,DE,558,57,0.0035842293906810036,0.10526315789473684
c3_lora_abstracts,43,fl_fedavg_lora,GB,543,50,0.0055248618784530384,0.14
c3_lora_abstracts,43,fl_fedavg_lora,IN,712,497,0.08286516853932584,0.3782696177062374
c3_lora_abstracts,43,fl_fedavg_lora,IR,318,164,0.03773584905660377,0.20121951219512196
c3_lora_abstracts,43,fl_fedavg_lora,IT,387,70,0.002583979328165375,0.08571428571428572
c3_lora_abstracts,43,fl_fedavg_lora,JP,527,105,0.011385199240986717,0.14285714285714285
c3_lora_abstracts,43,fl_fedavg_lora,KR,340,110,0.05,0.35454545454545455
c3_lora_abstracts,43,fl_fedavg_lora,US,2380,377,0.004201680672268907,0.10610079575596817
c3_lora_abstracts,43,fl_fedavg_lora,other,5283,1146,0.01855006625023661,0.19546247818499127
c3_lora_abstracts,43,fl_fedavg_lora,unknown,1535,549,0.04429967426710098,0.4990892531876138
c3_lora_abstracts,43,fl_fedavg_lora_ft__personal,CN,4687,3923,0.10155749946660977,0.6584246749936273
c3_lora_abstracts,43,fl_fedavg_lora_ft__personal,DE,558,57,0.007168458781362007,0.19298245614035087
c3_lora_abstracts,43,fl_fedavg_lora_ft__personal,GB,543,50,0.014732965009208104,0.32
c3_lora_abstracts,43,fl_fedavg_lora_ft__personal,IN,712,497,0.08707865168539326,0.4949698189134809
c3_lora_abstracts,43,fl_fedavg_lora_ft__personal,IR,318,164,0.07861635220125786,0.3902439024390244
c3_lora_abstracts,43,fl_fedavg_lora_ft__personal,IT,387,70,0.01808785529715762,0.2857142857142857
c3_lora_abstracts,43,fl_fedavg_lora_ft__personal,JP,527,105,0.030360531309297913,0.26666666666666666
c3_lora_abstracts,43,fl_fedavg_lora_ft__personal,KR,340,110,0.052941176470588235,0.4090909090909091
c3_lora_abstracts,43,fl_fedavg_lora_ft__personal,US,2380,377,0.013865546218487394,0.2440318302387268
c3_lora_abstracts,43,fl_fedavg_lora_ft__personal,other,5283,1146,0.027067953814120766,0.32024432809773123
c3_lora_abstracts,43,fl_fedavg_lora_ft__personal,unknown,1535,549,0.04364820846905537,0.5974499089253188
c3_lora_abstracts,44,fl_fedavg_lora,CN,4712,3894,0.1264855687606112,0.5950179763739086
c3_lora_abstracts,44,fl_fedavg_lora,DE,527,60,0.003795066413662239,0.08333333333333333
c3_lora_abstracts,44,fl_fedavg_lora,GB,556,69,0.012589928057553957,0.17391304347826086
c3_lora_abstracts,44,fl_fedavg_lora,IN,651,527,0.059907834101382486,0.32637571157495254
c3_lora_abstracts,44,fl_fedavg_lora,IR,357,184,0.058823529411764705,0.14130434782608695
c3_lora_abstracts,44,fl_fedavg_lora,IT,385,74,0.005194805194805195,0.05405405405405406
c3_lora_abstracts,44,fl_fedavg_lora,JP,549,107,0.020036429872495445,0.06542056074766354
c3_lora_abstracts,44,fl_fedavg_lora,KR,360,98,0.06111111111111111,0.3877551020408163
c3_lora_abstracts,44,fl_fedavg_lora,US,2413,385,0.007045171985080812,0.13766233766233765
c3_lora_abstracts,44,fl_fedavg_lora,other,5232,1095,0.014717125382262997,0.1680365296803653
c3_lora_abstracts,44,fl_fedavg_lora,unknown,1528,555,0.041884816753926704,0.46846846846846846
c3_lora_abstracts,44,fl_fedavg_lora_ft__personal,CN,4712,3894,0.10335314091680815,0.6764252696456087
c3_lora_abstracts,44,fl_fedavg_lora_ft__personal,DE,527,60,0.009487666034155597,0.2
c3_lora_abstracts,44,fl_fedavg_lora_ft__personal,GB,556,69,0.019784172661870502,0.2318840579710145
c3_lora_abstracts,44,fl_fedavg_lora_ft__personal,IN,651,527,0.08755760368663594,0.45351043643263755
c3_lora_abstracts,44,fl_fedavg_lora_ft__personal,IR,357,184,0.04481792717086835,0.29891304347826086
c3_lora_abstracts,44,fl_fedavg_lora_ft__personal,IT,385,74,0.01038961038961039,0.22972972972972974
c3_lora_abstracts,44,fl_fedavg_lora_ft__personal,JP,549,107,0.03642987249544627,0.16822429906542055
c3_lora_abstracts,44,fl_fedavg_lora_ft__personal,KR,360,98,0.08611111111111111,0.41836734693877553
c3_lora_abstracts,44,fl_fedavg_lora_ft__personal,US,2413,385,0.016576875259013676,0.2987012987012987
c3_lora_abstracts,44,fl_fedavg_lora_ft__personal,other,5232,1095,0.024655963302752295,0.3105022831050228
c3_lora_abstracts,44,fl_fedavg_lora_ft__personal,unknown,1528,555,0.04057591623036649,0.6198198198198198
c3_lora_abstracts,42,fl_fedper_lora__personal,CN,4766,3904,0.11057490558120017,0.6388319672131147
c3_lora_abstracts,42,fl_fedper_lora__personal,DE,514,59,0.009727626459143969,0.13559322033898305
c3_lora_abstracts,42,fl_fedper_lora__personal,GB,589,74,0.013582342954159592,0.22972972972972974
c3_lora_abstracts,42,fl_fedper_lora__personal,IN,688,543,0.08866279069767442,0.39779005524861877
c3_lora_abstracts,42,fl_fedper_lora__personal,IR,367,204,0.07901907356948229,0.3137254901960784
c3_lora_abstracts,42,fl_fedper_lora__personal,IT,360,64,0.013888888888888888,0.21875
c3_lora_abstracts,42,fl_fedper_lora__personal,JP,498,94,0.02208835341365462,0.18085106382978725
c3_lora_abstracts,42,fl_fedper_lora__personal,KR,350,94,0.05714285714285714,0.43617021276595747
c3_lora_abstracts,42,fl_fedper_lora__personal,US,2373,417,0.011378002528445006,0.23261390887290168
c3_lora_abstracts,42,fl_fedper_lora__personal,other,5255,1081,0.021122740247383445,0.2599444958371878
c3_lora_abstracts,42,fl_fedper_lora__personal,unknown,1510,514,0.038410596026490065,0.5447470817120622
c3_lora_abstracts,43,fl_fedper_lora__personal,CN,4687,3923,0.11179859184979732,0.6314045373438695
c3_lora_abstracts,43,fl_fedper_lora__personal,DE,558,57,0.005376344086021506,0.14035087719298245
c3_lora_abstracts,43,fl_fedper_lora__personal,GB,543,50,0.011049723756906077,0.22
c3_lora_abstracts,43,fl_fedper_lora__personal,IN,712,497,0.07724719101123595,0.4647887323943662
c3_lora_abstracts,43,fl_fedper_lora__personal,IR,318,164,0.07861635220125786,0.3231707317073171
c3_lora_abstracts,43,fl_fedper_lora__personal,IT,387,70,0.00516795865633075,0.2
c3_lora_abstracts,43,fl_fedper_lora__personal,JP,527,105,0.030360531309297913,0.2761904761904762
c3_lora_abstracts,43,fl_fedper_lora__personal,KR,340,110,0.058823529411764705,0.4090909090909091
c3_lora_abstracts,43,fl_fedper_lora__personal,US,2380,377,0.012184873949579832,0.21485411140583555
c3_lora_abstracts,43,fl_fedper_lora__personal,other,5283,1146,0.022903653227332954,0.27486910994764396
c3_lora_abstracts,43,fl_fedper_lora__personal,unknown,1535,549,0.03973941368078176,0.5318761384335154
c3_lora_abstracts,44,fl_fedper_lora__personal,CN,4712,3894,0.10908319185059423,0.6461222393425783
c3_lora_abstracts,44,fl_fedper_lora__personal,DE,527,60,0.007590132827324478,0.15
c3_lora_abstracts,44,fl_fedper_lora__personal,GB,556,69,0.01618705035971223,0.17391304347826086
c3_lora_abstracts,44,fl_fedper_lora__personal,IN,651,527,0.07373271889400922,0.4497153700189753
c3_lora_abstracts,44,fl_fedper_lora__personal,IR,357,184,0.0700280112044818,0.22282608695652173
c3_lora_abstracts,44,fl_fedper_lora__personal,IT,385,74,0.01038961038961039,0.20270270270270271
c3_lora_abstracts,44,fl_fedper_lora__personal,JP,549,107,0.03825136612021858,0.16822429906542055
c3_lora_abstracts,44,fl_fedper_lora__personal,KR,360,98,0.08888888888888889,0.45918367346938777
c3_lora_abstracts,44,fl_fedper_lora__personal,US,2413,385,0.01533360961458765,0.2779220779220779
c3_lora_abstracts,44,fl_fedper_lora__personal,other,5232,1095,0.02121559633027523,0.26210045662100456
c3_lora_abstracts,44,fl_fedper_lora__personal,unknown,1528,555,0.037303664921465966,0.5423423423423424
c3_lora_abstracts,42,local_lora__personal,CN,4766,3904,0.10302140159462862,0.6370389344262295
c3_lora_abstracts,42,local_lora__personal,DE,514,59,0.009727626459143969,0.1694915254237288
c3_lora_abstracts,42,local_lora__personal,GB,589,74,0.01697792869269949,0.2702702702702703
c3_lora_abstracts,42,local_lora__personal,IN,688,543,0.07267441860465117,0.4180478821362799
c3_lora_abstracts,42,local_lora__personal,IR,367,204,0.06267029972752043,0.31862745098039214
c3_lora_abstracts,42,local_lora__personal,IT,360,64,0.008333333333333333,0.390625
c3_lora_abstracts,42,local_lora__personal,JP,498,94,0.02610441767068273,0.22340425531914893
c3_lora_abstracts,42,local_lora__personal,KR,350,94,0.07142857142857142,0.44680851063829785
c3_lora_abstracts,42,local_lora__personal,US,2373,417,0.018541930046354824,0.27817745803357313
c3_lora_abstracts,42,local_lora__personal,other,5255,1081,0.024548049476688868,0.2839962997224792
c3_lora_abstracts,42,local_lora__personal,unknown,1510,514,0.046357615894039736,0.5680933852140078
c3_lora_abstracts,43,local_lora__personal,CN,4687,3923,0.10433112865372306,0.6428753504970686
c3_lora_abstracts,43,local_lora__personal,DE,558,57,0.010752688172043012,0.15789473684210525
c3_lora_abstracts,43,local_lora__personal,GB,543,50,0.014732965009208104,0.32
c3_lora_abstracts,43,local_lora__personal,IN,712,497,0.0702247191011236,0.4507042253521127
c3_lora_abstracts,43,local_lora__personal,IR,318,164,0.06289308176100629,0.38414634146341464
c3_lora_abstracts,43,local_lora__personal,IT,387,70,0.023255813953488372,0.3142857142857143
c3_lora_abstracts,43,local_lora__personal,JP,527,105,0.03795066413662239,0.2761904761904762
c3_lora_abstracts,43,local_lora__personal,KR,340,110,0.061764705882352944,0.4090909090909091
c3_lora_abstracts,43,local_lora__personal,US,2380,377,0.015126050420168067,0.27586206896551724
c3_lora_abstracts,43,local_lora__personal,other,5283,1146,0.026310808252886616,0.2870855148342059
c3_lora_abstracts,43,local_lora__personal,unknown,1535,549,0.03517915309446254,0.5355191256830601
c3_lora_abstracts,44,local_lora__personal,CN,4712,3894,0.10589983022071307,0.6517719568567026
c3_lora_abstracts,44,local_lora__personal,DE,527,60,0.013282732447817837,0.2
c3_lora_abstracts,44,local_lora__personal,GB,556,69,0.019784172661870502,0.2318840579710145
c3_lora_abstracts,44,local_lora__personal,IN,651,527,0.06758832565284179,0.4364326375711575
c3_lora_abstracts,44,local_lora__personal,IR,357,184,0.0392156862745098,0.27717391304347827
c3_lora_abstracts,44,local_lora__personal,IT,385,74,0.01818181818181818,0.28378378378378377
c3_lora_abstracts,44,local_lora__personal,JP,549,107,0.029143897996357013,0.24299065420560748
c3_lora_abstracts,44,local_lora__personal,KR,360,98,0.07777777777777778,0.45918367346938777
c3_lora_abstracts,44,local_lora__personal,US,2413,385,0.014919187733112309,0.3116883116883117
c3_lora_abstracts,44,local_lora__personal,other,5232,1095,0.026185015290519878,0.2785388127853881
c3_lora_abstracts,44,local_lora__personal,unknown,1528,555,0.04057591623036649,0.5621621621621622
c3_lora_abstracts_modernbert-large,42,central_lora,CN,4766,3904,0.1156105749055812,0.6378073770491803
c3_lora_abstracts_modernbert-large,42,central_lora,DE,514,59,0.011673151750972763,0.06779661016949153
c3_lora_abstracts_modernbert-large,42,central_lora,GB,589,74,0.011884550084889643,0.24324324324324326
c3_lora_abstracts_modernbert-large,42,central_lora,IN,688,543,0.0872093023255814,0.3664825046040516
c3_lora_abstracts_modernbert-large,42,central_lora,IR,367,204,0.04632152588555858,0.27450980392156865
c3_lora_abstracts_modernbert-large,42,central_lora,IT,360,64,0.002777777777777778,0.15625
c3_lora_abstracts_modernbert-large,42,central_lora,JP,498,94,0.012048192771084338,0.1595744680851064
c3_lora_abstracts_modernbert-large,42,central_lora,KR,350,94,0.045714285714285714,0.43617021276595747
c3_lora_abstracts_modernbert-large,42,central_lora,US,2373,417,0.0067425200168563,0.19184652278177458
c3_lora_abstracts_modernbert-large,42,central_lora,other,5255,1081,0.021122740247383445,0.24699352451433856
c3_lora_abstracts_modernbert-large,42,central_lora,unknown,1510,514,0.04768211920529802,0.5603112840466926
c3_lora_abstracts_modernbert-large,43,central_lora,CN,4687,3923,0.1145722210369106,0.637267397399949
c3_lora_abstracts_modernbert-large,43,central_lora,DE,558,57,0.0035842293906810036,0.12280701754385964
c3_lora_abstracts_modernbert-large,43,central_lora,GB,543,50,0.003683241252302026,0.28
c3_lora_abstracts_modernbert-large,43,central_lora,IN,712,497,0.09129213483146068,0.45271629778672035
c3_lora_abstracts_modernbert-large,43,central_lora,IR,318,164,0.031446540880503145,0.3353658536585366
c3_lora_abstracts_modernbert-large,43,central_lora,IT,387,70,0.0103359173126615,0.18571428571428572
c3_lora_abstracts_modernbert-large,43,central_lora,JP,527,105,0.017077798861480076,0.26666666666666666
c3_lora_abstracts_modernbert-large,43,central_lora,KR,340,110,0.05,0.4090909090909091
c3_lora_abstracts_modernbert-large,43,central_lora,US,2380,377,0.008403361344537815,0.2519893899204244
c3_lora_abstracts_modernbert-large,43,central_lora,other,5283,1146,0.021578648495173196,0.2643979057591623
c3_lora_abstracts_modernbert-large,43,central_lora,unknown,1535,549,0.054071661237785014,0.581056466302368
c3_lora_abstracts_modernbert-large,44,central_lora,CN,4712,3894,0.11460101867572156,0.6489470980996405
c3_lora_abstracts_modernbert-large,44,central_lora,DE,527,60,0.011385199240986717,0.15
c3_lora_abstracts_modernbert-large,44,central_lora,GB,556,69,0.008992805755395683,0.17391304347826086
c3_lora_abstracts_modernbert-large,44,central_lora,IN,651,527,0.0706605222734255,0.4060721062618596
c3_lora_abstracts_modernbert-large,44,central_lora,IR,357,184,0.05042016806722689,0.1956521739130435
c3_lora_abstracts_modernbert-large,44,central_lora,IT,385,74,0.01818181818181818,0.1891891891891892
c3_lora_abstracts_modernbert-large,44,central_lora,JP,549,107,0.014571948998178506,0.14953271028037382
c3_lora_abstracts_modernbert-large,44,central_lora,KR,360,98,0.06666666666666667,0.42857142857142855
c3_lora_abstracts_modernbert-large,44,central_lora,US,2413,385,0.012018234562784915,0.2597402597402597
c3_lora_abstracts_modernbert-large,44,central_lora,other,5232,1095,0.019686544342507644,0.23378995433789954
c3_lora_abstracts_modernbert-large,44,central_lora,unknown,1528,555,0.04842931937172775,0.5693693693693693
c3_lora_abstracts_modernbert-large,42,fl_fedavg_lora,CN,4766,3904,0.11749895090222409,0.5860655737704918
c3_lora_abstracts_modernbert-large,42,fl_fedavg_lora,DE,514,59,0.005836575875486381,0.03389830508474576
c3_lora_abstracts_modernbert-large,42,fl_fedavg_lora,GB,589,74,0.006791171477079796,0.17567567567567569
c3_lora_abstracts_modernbert-large,42,fl_fedavg_lora,IN,688,543,0.09447674418604651,0.31860036832412525
c3_lora_abstracts_modernbert-large,42,fl_fedavg_lora,IR,367,204,0.0653950953678474,0.1715686274509804
c3_lora_abstracts_modernbert-large,42,fl_fedavg_lora,IT,360,64,0.011111111111111112,0.078125
c3_lora_abstracts_modernbert-large,42,fl_fedavg_lora,JP,498,94,0.012048192771084338,0.13829787234042554
c3_lora_abstracts_modernbert-large,42,fl_fedavg_lora,KR,350,94,0.04285714285714286,0.39361702127659576
c3_lora_abstracts_modernbert-large,42,fl_fedavg_lora,US,2373,417,0.0058997050147492625,0.11510791366906475
c3_lora_abstracts_modernbert-large,42,fl_fedavg_lora,other,5255,1081,0.019600380589914368,0.2062904717853839
c3_lora_abstracts_modernbert-large,42,fl_fedavg_lora,unknown,1510,514,0.04304635761589404,0.4961089494163424
c3_lora_abstracts_modernbert-large,42,fl_fedavg_lora_ft__personal,CN,4766,3904,0.10323122114981116,0.639344262295082
c3_lora_abstracts_modernbert-large,42,fl_fedavg_lora_ft__personal,DE,514,59,0.011673151750972763,0.13559322033898305
c3_lora_abstracts_modernbert-large,42,fl_fedavg_lora_ft__personal,GB,589,74,0.01867572156196944,0.28378378378378377
c3_lora_abstracts_modernbert-large,42,fl_fedavg_lora_ft__personal,IN,688,543,0.09302325581395349,0.430939226519337
c3_lora_abstracts_modernbert-large,42,fl_fedavg_lora_ft__personal,IR,367,204,0.07356948228882834,0.3235294117647059
c3_lora_abstracts_modernbert-large,42,fl_fedavg_lora_ft__personal,IT,360,64,0.013888888888888888,0.3125
c3_lora_abstracts_modernbert-large,42,fl_fedavg_lora_ft__personal,JP,498,94,0.0321285140562249,0.2978723404255319
c3_lora_abstracts_modernbert-large,42,fl_fedavg_lora_ft__personal,KR,350,94,0.045714285714285714,0.4574468085106383
c3_lora_abstracts_modernbert-large,42,fl_fedavg_lora_ft__personal,US,2373,417,0.014749262536873156,0.2997601918465228
c3_lora_abstracts_modernbert-large,42,fl_fedavg_lora_ft__personal,other,5255,1081,0.028163653663177926,0.3228492136910268
c3_lora_abstracts_modernbert-large,42,fl_fedavg_lora_ft__personal,unknown,1510,514,0.02781456953642384,0.5894941634241245
c3_lora_abstracts_modernbert-large,43,fl_fedavg_lora,CN,4687,3923,0.11478557712822701,0.5949528422125924
c3_lora_abstracts_modernbert-large,43,fl_fedavg_lora,DE,558,57,0.007168458781362007,0.12280701754385964
c3_lora_abstracts_modernbert-large,43,fl_fedavg_lora,GB,543,50,0.007366482504604052,0.14
c3_lora_abstracts_modernbert-large,43,fl_fedavg_lora,IN,712,497,0.09269662921348315,0.42857142857142855
c3_lora_abstracts_modernbert-large,43,fl_fedavg_lora,IR,318,164,0.0440251572327044,0.2682926829268293
c3_lora_abstracts_modernbert-large,43,fl_fedavg_lora,IT,387,70,0.002583979328165375,0.08571428571428572
c3_lora_abstracts_modernbert-large,43,fl_fedavg_lora,JP,527,105,0.011385199240986717,0.1619047619047619
c3_lora_abstracts_modernbert-large,43,fl_fedavg_lora,KR,340,110,0.05,0.4
c3_lora_abstracts_modernbert-large,43,fl_fedavg_lora,US,2380,377,0.004621848739495798,0.10079575596816977
c3_lora_abstracts_modernbert-large,43,fl_fedavg_lora,other,5283,1146,0.023471512398258565,0.2198952879581152
c3_lora_abstracts_modernbert-large,43,fl_fedavg_lora,unknown,1535,549,0.050814332247557006,0.5154826958105647
c3_lora_abstracts_modernbert-large,43,fl_fedavg_lora_ft__personal,CN,4687,3923,0.10070407510134415,0.6619933724190671
c3_lora_abstracts_modernbert-large,43,fl_fedavg_lora_ft__personal,DE,558,57,0.007168458781362007,0.14035087719298245
c3_lora_abstracts_modernbert-large,43,fl_fedavg_lora_ft__personal,GB,543,50,0.01289134438305709,0.42
c3_lora_abstracts_modernbert-large,43,fl_fedavg_lora_ft__personal,IN,712,497,0.09831460674157304,0.5070422535211268
c3_lora_abstracts_modernbert-large,43,fl_fedavg_lora_ft__personal,IR,318,164,0.08176100628930817,0.39634146341463417
c3_lora_abstracts_modernbert-large,43,fl_fedavg_lora_ft__personal,IT,387,70,0.012919896640826873,0.2571428571428571
c3_lora_abstracts_modernbert-large,43,fl_fedavg_lora_ft__personal,JP,527,105,0.026565464895635674,0.29523809523809524
c3_lora_abstracts_modernbert-large,43,fl_fedavg_lora_ft__personal,KR,340,110,0.07058823529411765,0.41818181818181815
c3_lora_abstracts_modernbert-large,43,fl_fedavg_lora_ft__personal,US,2380,377,0.011764705882352941,0.27586206896551724
c3_lora_abstracts_modernbert-large,43,fl_fedavg_lora_ft__personal,other,5283,1146,0.027067953814120766,0.3403141361256545
c3_lora_abstracts_modernbert-large,43,fl_fedavg_lora_ft__personal,unknown,1535,549,0.04560260586319218,0.599271402550091
c3_lora_abstracts_modernbert-large,44,fl_fedavg_lora,CN,4712,3894,0.12287775891341256,0.6001540832049307
c3_lora_abstracts_modernbert-large,44,fl_fedavg_lora,DE,527,60,0.003795066413662239,0.08333333333333333
c3_lora_abstracts_modernbert-large,44,fl_fedavg_lora,GB,556,69,0.008992805755395683,0.14492753623188406
c3_lora_abstracts_modernbert-large,44,fl_fedavg_lora,IN,651,527,0.08602150537634409,0.3719165085388994
c3_lora_abstracts_modernbert-large,44,fl_fedavg_lora,IR,357,184,0.056022408963585436,0.11413043478260869
c3_lora_abstracts_modernbert-large,44,fl_fedavg_lora,IT,385,74,0.0025974025974025974,0.06756756756756757
c3_lora_abstracts_modernbert-large,44,fl_fedavg_lora,JP,549,107,0.01092896174863388,0.08411214953271028
c3_lora_abstracts_modernbert-large,44,fl_fedavg_lora,KR,360,98,0.07222222222222222,0.35714285714285715
c3_lora_abstracts_modernbert-large,44,fl_fedavg_lora,US,2413,385,0.004144218814753419,0.12467532467532468
c3_lora_abstracts_modernbert-large,44,fl_fedavg_lora,other,5232,1095,0.016819571865443424,0.1908675799086758
c3_lora_abstracts_modernbert-large,44,fl_fedavg_lora,unknown,1528,555,0.03861256544502618,0.44684684684684683
c3_lora_abstracts_modernbert-large,44,fl_fedavg_lora_ft__personal,CN,4712,3894,0.10186757215619695,0.6789933230611197
c3_lora_abstracts_modernbert-large,44,fl_fedavg_lora_ft__personal,DE,527,60,0.013282732447817837,0.15
c3_lora_abstracts_modernbert-large,44,fl_fedavg_lora_ft__personal,GB,556,69,0.014388489208633094,0.2028985507246377
c3_lora_abstracts_modernbert-large,44,fl_fedavg_lora_ft__personal,IN,651,527,0.09062980030721966,0.4667931688804554
c3_lora_abstracts_modernbert-large,44,fl_fedavg_lora_ft__personal,IR,357,184,0.05042016806722689,0.25
c3_lora_abstracts_modernbert-large,44,fl_fedavg_lora_ft__personal,IT,385,74,0.012987012987012988,0.2702702702702703
c3_lora_abstracts_modernbert-large,44,fl_fedavg_lora_ft__personal,JP,549,107,0.03278688524590164,0.17757009345794392
c3_lora_abstracts_modernbert-large,44,fl_fedavg_lora_ft__personal,KR,360,98,0.07222222222222222,0.41836734693877553
c3_lora_abstracts_modernbert-large,44,fl_fedavg_lora_ft__personal,US,2413,385,0.016162453377538334,0.2779220779220779
c3_lora_abstracts_modernbert-large,44,fl_fedavg_lora_ft__personal,other,5232,1095,0.026185015290519878,0.31232876712328766
c3_lora_abstracts_modernbert-large,44,fl_fedavg_lora_ft__personal,unknown,1528,555,0.0412303664921466,0.6072072072072072
c3_lora_abstracts_modernbert-large,42,local_lora__personal,CN,4766,3904,0.10155266470835082,0.6329405737704918
c3_lora_abstracts_modernbert-large,42,local_lora__personal,DE,514,59,0.009727626459143969,0.15254237288135594
c3_lora_abstracts_modernbert-large,42,local_lora__personal,GB,589,74,0.01697792869269949,0.28378378378378377
c3_lora_abstracts_modernbert-large,42,local_lora__personal,IN,688,543,0.09156976744186046,0.429097605893186
c3_lora_abstracts_modernbert-large,42,local_lora__personal,IR,367,204,0.07084468664850137,0.3431372549019608
c3_lora_abstracts_modernbert-large,42,local_lora__personal,IT,360,64,0.016666666666666666,0.34375
c3_lora_abstracts_modernbert-large,42,local_lora__personal,JP,498,94,0.03413654618473896,0.24468085106382978
c3_lora_abstracts_modernbert-large,42,local_lora__personal,KR,350,94,0.05714285714285714,0.44680851063829785
c3_lora_abstracts_modernbert-large,42,local_lora__personal,US,2373,417,0.014327855035819638,0.2829736211031175
c3_lora_abstracts_modernbert-large,42,local_lora__personal,other,5255,1081,0.02588011417697431,0.2895467160037003
c3_lora_abstracts_modernbert-large,42,local_lora__personal,unknown,1510,514,0.04039735099337748,0.5622568093385214
c3_lora_abstracts_modernbert-large,43,local_lora__personal,CN,4687,3923,0.10305099210582462,0.649502931430028
c3_lora_abstracts_modernbert-large,43,local_lora__personal,DE,558,57,0.010752688172043012,0.10526315789473684
c3_lora_abstracts_modernbert-large,43,local_lora__personal,GB,543,50,0.01289134438305709,0.28
c3_lora_abstracts_modernbert-large,43,local_lora__personal,IN,712,497,0.08426966292134831,0.4567404426559356
c3_lora_abstracts_modernbert-large,43,local_lora__personal,IR,318,164,0.07232704402515723,0.3353658536585366
c3_lora_abstracts_modernbert-large,43,local_lora__personal,IT,387,70,0.015503875968992248,0.2571428571428571
c3_lora_abstracts_modernbert-large,43,local_lora__personal,JP,527,105,0.028462998102466792,0.2571428571428571
c3_lora_abstracts_modernbert-large,43,local_lora__personal,KR,340,110,0.05,0.41818181818181815
c3_lora_abstracts_modernbert-large,43,local_lora__personal,US,2380,377,0.013025210084033614,0.246684350132626
c3_lora_abstracts_modernbert-large,43,local_lora__personal,other,5283,1146,0.028392958546280524,0.3010471204188482
c3_lora_abstracts_modernbert-large,43,local_lora__personal,unknown,1535,549,0.038436482084690554,0.5519125683060109
c3_lora_abstracts_modernbert-large,44,local_lora__personal,CN,4712,3894,0.10844651952461799,0.6481766820749871
c3_lora_abstracts_modernbert-large,44,local_lora__personal,DE,527,60,0.013282732447817837,0.11666666666666667
c3_lora_abstracts_modernbert-large,44,local_lora__personal,GB,556,69,0.017985611510791366,0.2028985507246377
c3_lora_abstracts_modernbert-large,44,local_lora__personal,IN,651,527,0.06758832565284179,0.4307400379506641
c3_lora_abstracts_modernbert-large,44,local_lora__personal,IR,357,184,0.06442577030812324,0.266304347826087
c3_lora_abstracts_modernbert-large,44,local_lora__personal,IT,385,74,0.015584415584415584,0.33783783783783783
c3_lora_abstracts_modernbert-large,44,local_lora__personal,JP,549,107,0.030965391621129327,0.17757009345794392
c3_lora_abstracts_modernbert-large,44,local_lora__personal,KR,360,98,0.075,0.46938775510204084
c3_lora_abstracts_modernbert-large,44,local_lora__personal,US,2413,385,0.014919187733112309,0.2727272727272727
c3_lora_abstracts_modernbert-large,44,local_lora__personal,other,5232,1095,0.023700305810397553,0.3095890410958904
c3_lora_abstracts_modernbert-large,44,local_lora__personal,unknown,1528,555,0.03468586387434555,0.5531531531531532
c3_lora_abstracts_qwen3-1.7b,42,central_lora,CN,4766,3904,0.10553923625681913,0.6375512295081968
c3_lora_abstracts_qwen3-1.7b,42,central_lora,DE,514,59,0.009727626459143969,0.15254237288135594
c3_lora_abstracts_qwen3-1.7b,42,central_lora,GB,589,74,0.015280135823429542,0.28378378378378377
c3_lora_abstracts_qwen3-1.7b,42,central_lora,IN,688,543,0.10319767441860465,0.4530386740331492
c3_lora_abstracts_qwen3-1.7b,42,central_lora,IR,367,204,0.06267029972752043,0.31862745098039214
c3_lora_abstracts_qwen3-1.7b,42,central_lora,IT,360,64,0.011111111111111112,0.34375
c3_lora_abstracts_qwen3-1.7b,42,central_lora,JP,498,94,0.01606425702811245,0.3829787234042553
c3_lora_abstracts_qwen3-1.7b,42,central_lora,KR,350,94,0.04285714285714286,0.46808510638297873
c3_lora_abstracts_qwen3-1.7b,42,central_lora,US,2373,417,0.012642225031605562,0.328537170263789
c3_lora_abstracts_qwen3-1.7b,42,central_lora,other,5255,1081,0.024548049476688868,0.30619796484736356
c3_lora_abstracts_qwen3-1.7b,42,central_lora,unknown,1510,514,0.038410596026490065,0.556420233463035
c3_lora_abstracts_qwen3-1.7b,43,central_lora,CN,4687,3923,0.11073181139321528,0.6581697680346673
c3_lora_abstracts_qwen3-1.7b,43,central_lora,DE,558,57,0.007168458781362007,0.14035087719298245
c3_lora_abstracts_qwen3-1.7b,43,central_lora,GB,543,50,0.007366482504604052,0.38
c3_lora_abstracts_qwen3-1.7b,43,central_lora,IN,712,497,0.0997191011235955,0.5050301810865191
c3_lora_abstracts_qwen3-1.7b,43,central_lora,IR,318,164,0.04716981132075472,0.4146341463414634
c3_lora_abstracts_qwen3-1.7b,43,central_lora,IT,387,70,0.01808785529715762,0.21428571428571427
c3_lora_abstracts_qwen3-1.7b,43,central_lora,JP,527,105,0.015180265654648957,0.22857142857142856
c3_lora_abstracts_qwen3-1.7b,43,central_lora,KR,340,110,0.052941176470588235,0.42727272727272725
c3_lora_abstracts_qwen3-1.7b,43,central_lora,US,2380,377,0.011764705882352941,0.2891246684350133
c3_lora_abstracts_qwen3-1.7b,43,central_lora,other,5283,1146,0.019685784592087828,0.3010471204188482
c3_lora_abstracts_qwen3-1.7b,43,central_lora,unknown,1535,549,0.05537459283387622,0.5737704918032787
c3_lora_abstracts_qwen3-1.7b,44,central_lora,CN,4712,3894,0.11205432937181664,0.6569080636877247
c3_lora_abstracts_qwen3-1.7b,44,central_lora,DE,527,60,0.009487666034155597,0.13333333333333333
c3_lora_abstracts_qwen3-1.7b,44,central_lora,GB,556,69,0.01079136690647482,0.21739130434782608
c3_lora_abstracts_qwen3-1.7b,44,central_lora,IN,651,527,0.08602150537634409,0.4478178368121442
c3_lora_abstracts_qwen3-1.7b,44,central_lora,IR,357,184,0.04201680672268908,0.23369565217391305
c3_lora_abstracts_qwen3-1.7b,44,central_lora,IT,385,74,0.01818181818181818,0.28378378378378377
c3_lora_abstracts_qwen3-1.7b,44,central_lora,JP,549,107,0.012750455373406194,0.205607476635514
c3_lora_abstracts_qwen3-1.7b,44,central_lora,KR,360,98,0.06388888888888888,0.3877551020408163
c3_lora_abstracts_qwen3-1.7b,44,central_lora,US,2413,385,0.01699129714048902,0.3194805194805195
c3_lora_abstracts_qwen3-1.7b,44,central_lora,other,5232,1095,0.01930428134556575,0.2694063926940639
c3_lora_abstracts_qwen3-1.7b,44,central_lora,unknown,1528,555,0.04450261780104712,0.5621621621621622
c3_lora_abstracts_qwen3-1.7b,42,fl_fedavg_lora,CN,4766,3904,0.12211498111624003,0.6063012295081968
c3_lora_abstracts_qwen3-1.7b,42,fl_fedavg_lora,DE,514,59,0.0019455252918287938,0.05084745762711865
c3_lora_abstracts_qwen3-1.7b,42,fl_fedavg_lora,GB,589,74,0.001697792869269949,0.17567567567567569
c3_lora_abstracts_qwen3-1.7b,42,fl_fedavg_lora,IN,688,543,0.10174418604651163,0.3462246777163904
c3_lora_abstracts_qwen3-1.7b,42,fl_fedavg_lora,IR,367,204,0.0326975476839237,0.16666666666666666
c3_lora_abstracts_qwen3-1.7b,42,fl_fedavg_lora,IT,360,64,0.002777777777777778,0.078125
c3_lora_abstracts_qwen3-1.7b,42,fl_fedavg_lora,JP,498,94,0.006024096385542169,0.09574468085106383
c3_lora_abstracts_qwen3-1.7b,42,fl_fedavg_lora,KR,350,94,0.037142857142857144,0.40425531914893614
c3_lora_abstracts_qwen3-1.7b,42,fl_fedavg_lora,US,2373,417,0.00337126000842815,0.1079136690647482
c3_lora_abstracts_qwen3-1.7b,42,fl_fedavg_lora,other,5255,1081,0.01769743101807802,0.22016651248843663
c3_lora_abstracts_qwen3-1.7b,42,fl_fedavg_lora,unknown,1510,514,0.051655629139072845,0.4571984435797665
c3_lora_abstracts_qwen3-1.7b,42,fl_fedavg_lora_ft__personal,CN,4766,3904,0.09777591271506504,0.6606045081967213
c3_lora_abstracts_qwen3-1.7b,42,fl_fedavg_lora_ft__personal,DE,514,59,0.0019455252918287938,0.1694915254237288
c3_lora_abstracts_qwen3-1.7b,42,fl_fedavg_lora_ft__personal,GB,589,74,0.01697792869269949,0.32432432432432434
c3_lora_abstracts_qwen3-1.7b,42,fl_fedavg_lora_ft__personal,IN,688,543,0.10610465116279069,0.5174953959484346
c3_lora_abstracts_qwen3-1.7b,42,fl_fedavg_lora_ft__personal,IR,367,204,0.09264305177111716,0.4117647058823529
c3_lora_abstracts_qwen3-1.7b,42,fl_fedavg_lora_ft__personal,IT,360,64,0.013888888888888888,0.3125
c3_lora_abstracts_qwen3-1.7b,42,fl_fedavg_lora_ft__personal,JP,498,94,0.01606425702811245,0.30851063829787234
c3_lora_abstracts_qwen3-1.7b,42,fl_fedavg_lora_ft__personal,KR,350,94,0.037142857142857144,0.43617021276595747
c3_lora_abstracts_qwen3-1.7b,42,fl_fedavg_lora_ft__personal,US,2373,417,0.01643489254108723,0.31414868105515587
c3_lora_abstracts_qwen3-1.7b,42,fl_fedavg_lora_ft__personal,other,5255,1081,0.028924833491912463,0.3829787234042553
c3_lora_abstracts_qwen3-1.7b,42,fl_fedavg_lora_ft__personal,unknown,1510,514,0.038410596026490065,0.5836575875486382
c3_lora_abstracts_qwen3-1.7b,43,fl_fedavg_lora,CN,4687,3923,0.11883934286323874,0.5959724700484323
c3_lora_abstracts_qwen3-1.7b,43,fl_fedavg_lora,DE,558,57,0.0,0.10526315789473684
c3_lora_abstracts_qwen3-1.7b,43,fl_fedavg_lora,GB,543,50,0.003683241252302026,0.2
c3_lora_abstracts_qwen3-1.7b,43,fl_fedavg_lora,IN,712,497,0.11095505617977527,0.4647887323943662
c3_lora_abstracts_qwen3-1.7b,43,fl_fedavg_lora,IR,318,164,0.03459119496855346,0.23170731707317074
c3_lora_abstracts_qwen3-1.7b,43,fl_fedavg_lora,IT,387,70,0.007751937984496124,0.04285714285714286
c3_lora_abstracts_qwen3-1.7b,43,fl_fedavg_lora,JP,527,105,0.0056925996204933585,0.18095238095238095
c3_lora_abstracts_qwen3-1.7b,43,fl_fedavg_lora,KR,340,110,0.04411764705882353,0.34545454545454546
c3_lora_abstracts_qwen3-1.7b,43,fl_fedavg_lora,US,2380,377,0.0025210084033613447,0.11405835543766578
c3_lora_abstracts_qwen3-1.7b,43,fl_fedavg_lora,other,5283,1146,0.018739352640545145,0.22425828970331588
c3_lora_abstracts_qwen3-1.7b,43,fl_fedavg_lora,unknown,1535,549,0.05537459283387622,0.546448087431694
c3_lora_abstracts_qwen3-1.7b,43,fl_fedavg_lora_ft__personal,CN,4687,3923,0.10006400682739493,0.6936018353301046
c3_lora_abstracts_qwen3-1.7b,43,fl_fedavg_lora_ft__personal,DE,558,57,0.008960573476702509,0.15789473684210525
c3_lora_abstracts_qwen3-1.7b,43,fl_fedavg_lora_ft__personal,GB,543,50,0.011049723756906077,0.48
c3_lora_abstracts_qwen3-1.7b,43,fl_fedavg_lora_ft__personal,IN,712,497,0.0898876404494382,0.5875251509054326
c3_lora_abstracts_qwen3-1.7b,43,fl_fedavg_lora_ft__personal,IR,318,164,0.0880503144654088,0.4573170731707317
c3_lora_abstracts_qwen3-1.7b,43,fl_fedavg_lora_ft__personal,IT,387,70,0.015503875968992248,0.2
c3_lora_abstracts_qwen3-1.7b,43,fl_fedavg_lora_ft__personal,JP,527,105,0.024667931688804556,0.3238095238095238
c3_lora_abstracts_qwen3-1.7b,43,fl_fedavg_lora_ft__personal,KR,340,110,0.058823529411764705,0.42727272727272725
c3_lora_abstracts_qwen3-1.7b,43,fl_fedavg_lora_ft__personal,US,2380,377,0.012605042016806723,0.3076923076923077
c3_lora_abstracts_qwen3-1.7b,43,fl_fedavg_lora_ft__personal,other,5283,1146,0.030096536059057353,0.37783595113438045
c3_lora_abstracts_qwen3-1.7b,43,fl_fedavg_lora_ft__personal,unknown,1535,549,0.040390879478827364,0.6193078324225865
c3_lora_abstracts_qwen3-1.7b,44,fl_fedavg_lora,CN,4712,3894,0.11990662139219015,0.6165896250642013
c3_lora_abstracts_qwen3-1.7b,44,fl_fedavg_lora,DE,527,60,0.0018975332068311196,0.13333333333333333
c3_lora_abstracts_qwen3-1.7b,44,fl_fedavg_lora,GB,556,69,0.007194244604316547,0.13043478260869565
c3_lora_abstracts_qwen3-1.7b,44,fl_fedavg_lora,IN,651,527,0.12135176651305683,0.428842504743833
c3_lora_abstracts_qwen3-1.7b,44,fl_fedavg_lora,IR,357,184,0.03361344537815126,0.1956521739130435
c3_lora_abstracts_qwen3-1.7b,44,fl_fedavg_lora,IT,385,74,0.007792207792207792,0.0945945945945946
c3_lora_abstracts_qwen3-1.7b,44,fl_fedavg_lora,JP,549,107,0.007285974499089253,0.09345794392523364
c3_lora_abstracts_qwen3-1.7b,44,fl_fedavg_lora,KR,360,98,0.058333333333333334,0.3877551020408163
c3_lora_abstracts_qwen3-1.7b,44,fl_fedavg_lora,US,2413,385,0.0024865312888520514,0.14285714285714285
c3_lora_abstracts_qwen3-1.7b,44,fl_fedavg_lora,other,5232,1095,0.01930428134556575,0.217351598173516
c3_lora_abstracts_qwen3-1.7b,44,fl_fedavg_lora,unknown,1528,555,0.04384816753926701,0.5081081081081081
c3_lora_abstracts_qwen3-1.7b,44,fl_fedavg_lora_ft__personal,CN,4712,3894,0.09422750424448217,0.6712891628145865
c3_lora_abstracts_qwen3-1.7b,44,fl_fedavg_lora_ft__personal,DE,527,60,0.009487666034155597,0.21666666666666667
c3_lora_abstracts_qwen3-1.7b,44,fl_fedavg_lora_ft__personal,GB,556,69,0.01079136690647482,0.2463768115942029
c3_lora_abstracts_qwen3-1.7b,44,fl_fedavg_lora_ft__personal,IN,651,527,0.13210445468509985,0.5445920303605313
c3_lora_abstracts_qwen3-1.7b,44,fl_fedavg_lora_ft__personal,IR,357,184,0.06162464985994398,0.44021739130434784
c3_lora_abstracts_qwen3-1.7b,44,fl_fedavg_lora_ft__personal,IT,385,74,0.01038961038961039,0.32432432432432434
c3_lora_abstracts_qwen3-1.7b,44,fl_fedavg_lora_ft__personal,JP,549,107,0.020036429872495445,0.29906542056074764
c3_lora_abstracts_qwen3-1.7b,44,fl_fedavg_lora_ft__personal,KR,360,98,0.05555555555555555,0.4387755102040816
c3_lora_abstracts_qwen3-1.7b,44,fl_fedavg_lora_ft__personal,US,2413,385,0.01699129714048902,0.35324675324675325
c3_lora_abstracts_qwen3-1.7b,44,fl_fedavg_lora_ft__personal,other,5232,1095,0.03172782874617737,0.38995433789954337
c3_lora_abstracts_qwen3-1.7b,44,fl_fedavg_lora_ft__personal,unknown,1528,555,0.03664921465968586,0.6144144144144145
c3_lora_abstracts_qwen3-1.7b,42,local_lora__personal,CN,4766,3904,0.10239194292908099,0.6654713114754098
c3_lora_abstracts_qwen3-1.7b,42,local_lora__personal,DE,514,59,0.0038910505836575876,0.15254237288135594
c3_lora_abstracts_qwen3-1.7b,42,local_lora__personal,GB,589,74,0.015280135823429542,0.3108108108108108
c3_lora_abstracts_qwen3-1.7b,42,local_lora__personal,IN,688,543,0.09011627906976744,0.5193370165745856
c3_lora_abstracts_qwen3-1.7b,42,local_lora__personal,IR,367,204,0.09536784741144415,0.4019607843137255
c3_lora_abstracts_qwen3-1.7b,42,local_lora__personal,IT,360,64,0.005555555555555556,0.390625
c3_lora_abstracts_qwen3-1.7b,42,local_lora__personal,JP,498,94,0.024096385542168676,0.2127659574468085
c3_lora_abstracts_qwen3-1.7b,42,local_lora__personal,KR,350,94,0.04857142857142857,0.48936170212765956
c3_lora_abstracts_qwen3-1.7b,42,local_lora__personal,US,2373,417,0.01053518752633797,0.30455635491606714
c3_lora_abstracts_qwen3-1.7b,42,local_lora__personal,other,5255,1081,0.026831588962892484,0.34690101757631825
c3_lora_abstracts_qwen3-1.7b,42,local_lora__personal,unknown,1510,514,0.04304635761589404,0.6264591439688716
