exp,arena,features,accuracy,auprc,roc_auc,recall_at_5fpr,accuracy_sd,train,seed,model,accuracy_at_0.5
T4_his_protocol,all464,his_all_10,0.978494623655914,0.9948557878435927,0.9953314659197012,0.9761904761904762,,,,,
T4_his_protocol,all464,his_abstract_only,0.6236559139784946,0.6531730811629658,0.6552287581699346,0.23809523809523808,,,,,
T4_his_protocol,clean180,his_all_10,0.8888888888888888,0.9456170308879287,0.941358024691358,0.6111111111111112,,,,,
T4_his_protocol,clean180,his_abstract_only,0.6388888888888888,0.7038761490773875,0.7222222222222222,0.05555555555555555,,,,,
T4_cv5x3,audited172,his_all_10,0.9171483622350675,0.9750669908354975,,,0.009824700411546794,,,,
T4_cv5x3,audited172,his_abstract_only,0.6223506743737958,0.6071302382084167,,,0.010899526492278185,,,,
T1_to_ours,,,,0.3036535744960965,0.5059050619558365,0.06342224744608399,,curated_180,42.0,,
T1_to_ours,,,,0.3088065784218739,0.5234585638917717,0.0648410896708286,,ours_random_180,42.0,,
T1_to_ours,,,,0.3133908391375524,0.5323729885631622,0.06555051078320091,,ours_random_464,42.0,,
T23_ours_to_curated,,text_only,,0.47768753830897004,0.5212395975655197,0.012048192771084338,,,42.0,central_xgb,0.55
T23_ours_to_curated,,text_only,,0.45283990005895447,0.5054030555210532,0.024096385542168676,,,42.0,fl_fedavg,0.5222222222222223
T23_ours_to_curated,,meta_only,,0.5058505968991273,0.5479443547385419,0.08433734939759036,,,42.0,central_xgb,0.5055555555555555
T23_ours_to_curated,,meta_only,,0.5090690088514681,0.5366414110048441,0.08433734939759036,,,42.0,fl_fedavg,0.5111111111111111
T23_ours_to_curated,,all,,0.5249296313618398,0.5758911936405415,0.03614457831325301,,,42.0,central_xgb,0.5944444444444444
T23_ours_to_curated,,all,,0.46631895385724054,0.5282573593342442,0.04819277108433735,,,42.0,fl_fedavg,0.48333333333333334
T1_to_ours,,,,0.29163740665692234,0.49864760592762203,0.049517593643586835,,curated_180,43.0,,
T1_to_ours,,,,0.3194313670863765,0.5299358374406091,0.07633371169125994,,ours_random_180,43.0,,
T1_to_ours,,,,0.3162037426433376,0.5365158640855953,0.07094211123723042,,ours_random_464,43.0,,
T23_ours_to_curated,,text_only,,0.49298890317607447,0.530058377841262,0.07228915662650602,,,43.0,central_xgb,0.5277777777777778
T23_ours_to_curated,,text_only,,0.48116141979112714,0.5173270401192399,0.060240963855421686,,,43.0,fl_fedavg,0.5111111111111111
T23_ours_to_curated,,meta_only,,0.4928373086835048,0.5320457086076265,0.024096385542168676,,,43.0,central_xgb,0.55
T23_ours_to_curated,,meta_only,,0.46757693041545856,0.5122966091168799,0.03614457831325301,,,43.0,fl_fedavg,0.5222222222222223
T23_ours_to_curated,,all,,0.5353786522342895,0.5847099739162837,0.024096385542168676,,,43.0,central_xgb,0.5611111111111111
T23_ours_to_curated,,all,,0.4934675095602551,0.5338467271146441,0.0963855421686747,,,43.0,fl_fedavg,0.5222222222222223
T1_to_ours,,,,0.2968278844588723,0.5009886093341579,0.05959137343927355,,curated_180,44.0,,
T1_to_ours,,,,0.2987473859588442,0.5175853005973761,0.053348467650397274,,ours_random_180,44.0,,
T1_to_ours,,,,0.3120770036907271,0.5285023138548012,0.06597616345062429,,ours_random_464,44.0,,
T23_ours_to_curated,,text_only,,0.5057016439582132,0.5443423177245064,0.060240963855421686,,,44.0,central_xgb,0.5444444444444444
T23_ours_to_curated,,text_only,,0.48847611328371776,0.526145820394982,0.024096385542168676,,,44.0,fl_fedavg,0.5222222222222223
T23_ours_to_curated,,meta_only,,0.4817835654069313,0.5152776052664265,0.060240963855421686,,,44.0,central_xgb,0.5
T23_ours_to_curated,,meta_only,,0.5075668821316479,0.5401192398459819,0.04819277108433735,,,44.0,fl_fedavg,0.5333333333333333
T23_ours_to_curated,,all,,0.5138448183182831,0.5688113277853684,0.04819277108433735,,,44.0,central_xgb,0.55
T23_ours_to_curated,,all,,0.49254928541464416,0.542913923736182,0.04819277108433735,,,44.0,fl_fedavg,0.5444444444444444
T1_to_ours,,,,0.3007768875925092,0.5056260750174006,0.06171963677639047,,curated_180,45.0,,
T1_to_ours,,,,0.31155062477021,0.5311950866159225,0.06455732122587968,,ours_random_180,45.0,,
T1_to_ours,,,,0.3205168691538963,0.541179541790367,0.07860385925085131,,ours_random_464,45.0,,
T23_ours_to_curated,,text_only,,0.47524771057503884,0.5209290771332754,0.024096385542168676,,,45.0,central_xgb,0.5222222222222223
T23_ours_to_curated,,text_only,,0.47305838608857353,0.518320705502422,0.024096385542168676,,,45.0,fl_fedavg,0.5222222222222223
T23_ours_to_curated,,meta_only,,0.4801971882602743,0.528940504285182,0.012048192771084338,,,45.0,central_xgb,0.5111111111111111
T23_ours_to_curated,,meta_only,,0.5005809323737425,0.542851819649733,0.04819277108433735,,,45.0,fl_fedavg,0.5222222222222223
T23_ours_to_curated,,all,,0.5145895574986423,0.5738417587877283,0.03614457831325301,,,45.0,central_xgb,0.5944444444444444
T23_ours_to_curated,,all,,0.49134057250512825,0.5326667494721153,0.04819277108433735,,,45.0,fl_fedavg,0.5333333333333333
T1_to_ours,,,,0.3031503006532189,0.5081106427462081,0.06469920544835414,,curated_180,46.0,,
T1_to_ours,,,,0.31675733048687194,0.540942056192396,0.06938138479001135,,ours_random_180,46.0,,
T1_to_ours,,,,0.319138850479291,0.5389343287192069,0.0699489216799092,,ours_random_464,46.0,,
T23_ours_to_curated,,text_only,,0.49773227605187287,0.5416097379207552,0.03614457831325301,,,46.0,central_xgb,0.5333333333333333
T23_ours_to_curated,,text_only,,0.46377372937599404,0.5172028319463421,0.012048192771084338,,,46.0,fl_fedavg,0.5111111111111111
T23_ours_to_curated,,meta_only,,0.4659960754015981,0.5187554341075643,0.024096385542168676,,,46.0,central_xgb,0.5
T23_ours_to_curated,,meta_only,,0.4866042317342717,0.49472115265184446,0.13253012048192772,,,46.0,fl_fedavg,0.5055555555555555
T23_ours_to_curated,,all,,0.4989797759550026,0.5609862128928083,0.04819277108433735,,,46.0,central_xgb,0.5666666666666667
T23_ours_to_curated,,all,,0.4764630101493228,0.5199354117500932,0.07228915662650602,,,46.0,fl_fedavg,0.5388888888888889
