seed,features,model,auprc,roc_auc,recall_at_5fpr
42,pub_all,central_xgb,0.5163133356337701,0.7089181710063904,0.22687287173666287
42,pub_all,central_mlp,0.5142636430843598,0.7057734678311415,0.22800794551645856
42,pub_all,fl_fedavg,0.48471709754338477,0.6859985864157893,0.19707718501702612
42,pub_all+cert,central_xgb,0.5212207248524212,0.7134455675598937,0.23354143019296253
42,pub_all+cert,central_mlp,0.5232296106014022,0.7161682124132509,0.22999432463110103
42,pub_all+cert,fl_fedavg,0.4870471064129583,0.6874021064590101,0.19580022701475597
42,text_only,central_xgb,0.37010812442910157,0.5877651969750645,0.11180476730987514
42,text_only,central_mlp,0.3757488033541482,0.5931620472274821,0.11677071509648126
42,text_only,fl_fedavg,0.35954572252443223,0.5859219878316411,0.10343359818388195
42,text_only+cert,central_xgb,0.3837273214077641,0.602817231596458,0.11364926220204313
42,text_only+cert,central_mlp,0.38950618041694673,0.6121511307687809,0.11875709421112372
42,text_only+cert,fl_fedavg,0.3828609603985179,0.6095064195421979,0.11563564131668558
42,cert_only,central_xgb,0.3237987109062226,0.5497214525986749,0.07165153234960273
42,cert_only,central_mlp,0.3293031443655823,0.5558242405291665,0.07619182746878547
42,cert_only,fl_fedavg,0.32251038424042267,0.5466622948470805,0.07236095346197503
43,pub_all,central_xgb,0.505415652508686,0.7066663648785696,0.2064415437003405
43,pub_all,central_mlp,0.5050375542906839,0.7078034638153332,0.21140749148694665
43,pub_all,fl_fedavg,0.47842479738635535,0.6848011271210336,0.1963677639046538
43,pub_all+cert,central_xgb,0.5118442448821486,0.7142490578296101,0.21864358683314417
43,pub_all+cert,central_mlp,0.5143736629995249,0.715144587991879,0.21708286038592509
43,pub_all+cert,fl_fedavg,0.48147796501956663,0.689027054618278,0.19594211123723043
43,text_only,central_xgb,0.3671381030115863,0.5883535194516943,0.10953461975028377
43,text_only,central_mlp,0.3731400067427225,0.5936824550587682,0.11223041997729852
43,text_only,fl_fedavg,0.36586800339277553,0.5905948013357984,0.10456867196367764
43,text_only+cert,central_xgb,0.384122779259596,0.6093118278368465,0.11904086265607264
43,text_only+cert,central_mlp,0.39207567016947203,0.6176834447155973,0.12585130533484676
43,text_only+cert,fl_fedavg,0.38322447407913895,0.6103685736388151,0.11364926220204313
43,cert_only,central_xgb,0.3265448699818416,0.554596514791122,0.0699489216799092
43,cert_only,central_mlp,0.33415298741656296,0.5640580727932608,0.07704313280363223
43,cert_only,fl_fedavg,0.32140116250733464,0.5502660472945218,0.06597616345062429
44,pub_all,central_xgb,0.521195334158266,0.7122139886834393,0.2329738933030647
44,pub_all,central_mlp,0.5198631430159278,0.7136257161579428,0.22587968217934165
44,pub_all,fl_fedavg,0.48666960476479887,0.6857893256728449,0.2017593643586833
44,pub_all+cert,central_xgb,0.5273951568581032,0.7194948428741094,0.23893303064699206
44,pub_all+cert,central_mlp,0.5259570312062911,0.7239764741663911,0.233683314415437
44,pub_all+cert,fl_fedavg,0.4927202251848908,0.6939128628769091,0.20700908059023837
44,text_only,central_xgb,0.3729700233350501,0.5939503303347318,0.11066969353007945
44,text_only,central_mlp,0.3754857918832284,0.5975162908062966,0.11166288308740067
44,text_only,fl_fedavg,0.36605815833284594,0.5931578408162542,0.10087968217934165
44,text_only+cert,central_xgb,0.39018240661154147,0.610166772703283,0.12329738933030647
44,text_only+cert,central_mlp,0.39720595557616156,0.6205218439263693,0.13095913734392736
44,text_only+cert,fl_fedavg,0.39033716836288,0.6156673865764217,0.12556753688989786
44,cert_only,central_xgb,0.32678987496277784,0.5541804538914891,0.06824631101021567
44,cert_only,central_mlp,0.3308684126106278,0.5608939026426122,0.06980703745743473
44,cert_only,fl_fedavg,0.32403492946364765,0.5525419540226109,0.07023269012485811
45,pub_all,central_xgb,0.5078342879052511,0.7023463805474512,0.21835981838819524
45,pub_all,central_mlp,0.5045864333193593,0.6997009833143497,0.21509648127128264
45,pub_all,fl_fedavg,0.47705249779961423,0.6785468590924537,0.18714528944381384
45,pub_all+cert,central_xgb,0.5127817975258375,0.7088558635400762,0.21396140749148695
45,pub_all+cert,central_mlp,0.5189648126175656,0.7109301336455718,0.22233257661748013
45,pub_all+cert,fl_fedavg,0.49014408016438127,0.6878771803505386,0.20034052213393871
45,text_only,central_xgb,0.3668461581649144,0.5889319009955393,0.10868331441543701
45,text_only,central_mlp,0.3722718139412373,0.5923555746779301,0.10825766174801361
45,text_only,fl_fedavg,0.36246822837532655,0.5880571482043553,0.10017026106696936
45,text_only+cert,central_xgb,0.3821354958268214,0.6068593216701819,0.11464245175936436
45,text_only+cert,central_mlp,0.39057042895370686,0.6164913707774039,0.12656072644721908
45,text_only+cert,fl_fedavg,0.3797006287933977,0.6105578005267216,0.11478433598183882
45,cert_only,central_xgb,0.3225860747073974,0.5507806466634286,0.06640181611804767
45,cert_only,central_mlp,0.3285039255113124,0.5534047900179232,0.07236095346197503
45,cert_only,fl_fedavg,0.32094736272259505,0.5465742806215235,0.0713677639046538
46,pub_all,central_xgb,0.5145736468035401,0.7095639496098224,0.21750851305334848
46,pub_all,central_mlp,0.5173215480349324,0.7074221592100359,0.22999432463110103
46,pub_all,fl_fedavg,0.4842006465241476,0.6840461666777303,0.20502270147559593
46,pub_all+cert,central_xgb,0.5195505454877852,0.7162066862878224,0.22488649262202043
46,pub_all+cert,central_mlp,0.5228685819705478,0.718412488900661,0.22403518728717367
46,pub_all+cert,fl_fedavg,0.48819718796791856,0.692433044120653,0.1977866061293984
46,text_only,central_xgb,0.3674388116076306,0.5936342990442903,0.10754824063564132
46,text_only,central_mlp,0.38013873947939747,0.5990476545313894,0.11492622020431328
46,text_only,fl_fedavg,0.3665788196879721,0.5937419856364201,0.10031214528944381
46,text_only+cert,central_xgb,0.38291584501240883,0.6073445213465511,0.1191827468785471
46,text_only+cert,central_mlp,0.3973088019211237,0.6206428604056426,0.12727014755959137
46,text_only+cert,fl_fedavg,0.377202721284314,0.611002764072253,0.10584562996594779
46,cert_only,central_xgb,0.3225785116861202,0.5478286332712669,0.07108399545970488
46,cert_only,central_mlp,0.3262760958525174,0.5578080974402018,0.06767877412031782
46,cert_only,fl_fedavg,0.31783399705198595,0.5457578917861277,0.06427355278093076
47,pub_all,central_xgb,0.5167289902428107,0.7090999586260021,0.23680476730987515
47,pub_all,central_mlp,0.5157696235851017,0.7080678967352334,0.2271566401816118
47,pub_all,fl_fedavg,0.4849582008034581,0.6857551075033833,0.20459704880817253
47,pub_all+cert,central_xgb,0.5255042417933283,0.717545857276467,0.235527809307605
47,pub_all+cert,central_mlp,0.5272331661390464,0.716153683041656,0.23070374574347333
47,pub_all+cert,fl_fedavg,0.49749234319531593,0.696813627063524,0.2101305334846765
47,text_only,central_xgb,0.3710380463447841,0.589940667419439,0.11293984108967083
47,text_only,central_mlp,0.3760215664009755,0.5949522325856218,0.1159194097616345
47,text_only,fl_fedavg,0.369117245787587,0.5921014236401625,0.10882519863791146
47,text_only+cert,central_xgb,0.3853975324267195,0.6060295043598795,0.11563564131668558
47,text_only+cert,central_mlp,0.3941723112322789,0.6155332291698845,0.12457434733257662
47,text_only+cert,fl_fedavg,0.3903805979568006,0.6133200406904561,0.12187854710556185
47,cert_only,central_xgb,0.33281400465923444,0.5590568716656797,0.07165153234960273
47,cert_only,central_mlp,0.33637719579880143,0.5646505030933553,0.07902951191827469
47,cert_only,fl_fedavg,0.32307707839266103,0.5520593874610825,0.06725312145289444
48,pub_all,central_xgb,0.5089439126401253,0.7042279978402707,0.2187854710556186
48,pub_all,central_mlp,0.5071679153085565,0.7013483642975589,0.21821793416572077
48,pub_all,fl_fedavg,0.4794782168633368,0.6805324166424032,0.19225312145289444
48,pub_all+cert,central_xgb,0.5137599176898979,0.7097759050849596,0.2267309875141884
48,pub_all+cert,central_mlp,0.5121091058188787,0.7083682854339208,0.2238933030646992
48,pub_all+cert,fl_fedavg,0.48499517389175006,0.684830613077864,0.1952326901248581
48,text_only,central_xgb,0.35909040873731823,0.5776974474642241,0.09846765039727583
48,text_only,central_mlp,0.3695712793257643,0.5860754150380515,0.10825766174801361
48,text_only,fl_fedavg,0.35905389877552396,0.5805570225049573,0.09846765039727583
48,text_only+cert,central_xgb,0.3761229339401751,0.5964991074521175,0.11648694665153235
48,text_only+cert,central_mlp,0.3943488128271818,0.6080903665295859,0.1329455164585698
48,text_only+cert,fl_fedavg,0.3747289356755775,0.6010202970843654,0.11066969353007945
48,cert_only,central_xgb,0.32135232967878674,0.5476153427535037,0.06824631101021567
48,cert_only,central_mlp,0.33117422336364194,0.5587345348662196,0.07619182746878547
48,cert_only,fl_fedavg,0.3218211124816814,0.5470717544744057,0.06838819523269013
49,pub_all,central_xgb,0.5089712235123384,0.7065580538972729,0.22091373439273554
49,pub_all,central_mlp,0.5063803175528419,0.6997186510630719,0.22275822928490352
49,pub_all,fl_fedavg,0.4724540978930335,0.6767562136580858,0.18487514188422247
49,pub_all+cert,central_xgb,0.5166984107975425,0.7134707772724973,0.23198070374574348
49,pub_all+cert,central_mlp,0.5205598397656941,0.7165080690797885,0.22162315550510783
49,pub_all+cert,fl_fedavg,0.488189240033751,0.6902236635935766,0.1967934165720772
49,text_only,central_xgb,0.3633473066433164,0.5856875050526228,0.10456867196367764
49,text_only,central_mlp,0.3682999117943796,0.5882587971504193,0.10783200908059024
49,text_only,fl_fedavg,0.3607802397030091,0.5835007175546028,0.09463677639046537
49,text_only+cert,central_xgb,0.38018227106333896,0.6058448084012548,0.1137911464245176
49,text_only+cert,central_mlp,0.38743818559966753,0.6132105548716487,0.11435868331441544
49,text_only+cert,fl_fedavg,0.37876730915037504,0.6079812956009483,0.11081157775255392
49,cert_only,central_xgb,0.3268790514049653,0.5562553155235634,0.06895573212258797
49,cert_only,central_mlp,0.3332335177557689,0.5593738354320478,0.07619182746878547
49,cert_only,fl_fedavg,0.3231565502850156,0.547386475369162,0.07321225879682179
50,pub_all,central_xgb,0.5122073544770035,0.7101137776727635,0.22119750283768444
50,pub_all,central_mlp,0.5085825658364188,0.7044543348053582,0.22290011350737798
50,pub_all,fl_fedavg,0.4837113165720418,0.6841136253546695,0.19551645856980704
50,pub_all+cert,central_xgb,0.5170439864209327,0.715994118746989,0.22602156640181612
50,pub_all+cert,central_mlp,0.5221851926426483,0.7158803648996015,0.2351021566401816
50,pub_all+cert,fl_fedavg,0.4912411054499789,0.6940168359966269,0.2014755959137344
50,text_only,central_xgb,0.36320601436376576,0.5863136153973054,0.10102156640181612
50,text_only,central_mlp,0.3711458606892054,0.5952073243149629,0.10754824063564132
50,text_only,fl_fedavg,0.3619132200834657,0.5895996893170956,0.1007377979568672
50,text_only+cert,central_xgb,0.3816763091469826,0.6095357452939132,0.11038592508513054
50,text_only+cert,central_mlp,0.39051472493674544,0.6166555686969392,0.12074347332576617
50,text_only+cert,fl_fedavg,0.38118216756426376,0.609645296837896,0.11095346197502838
50,cert_only,central_xgb,0.3263398078673916,0.5562601175691938,0.0720771850170261
50,cert_only,central_mlp,0.33236256780165674,0.5590197780197925,0.07647559591373439
50,cert_only,fl_fedavg,0.32368695585166696,0.5479474972510445,0.07037457434733257
51,pub_all,central_xgb,0.5116283593003987,0.7097027981507564,0.22091373439273554
51,pub_all,central_mlp,0.5075738696973383,0.7064865613376914,0.21977866061293985
51,pub_all,fl_fedavg,0.4776253685863178,0.6818922006891942,0.18927355278093075
51,pub_all+cert,central_xgb,0.5174980581730598,0.7146304076209655,0.22290011350737798
51,pub_all+cert,central_mlp,0.5145335784087429,0.7095552738866648,0.22942678774120318
51,pub_all+cert,fl_fedavg,0.48488528620143667,0.68751406107972,0.19608399545970487
51,text_only,central_xgb,0.3649874734568053,0.5886947193765047,0.10754824063564132
51,text_only,central_mlp,0.3732890497520953,0.5941245431278742,0.11137911464245176
51,text_only,fl_fedavg,0.35987163030373676,0.586855211382023,0.10258229284903518
51,text_only+cert,central_xgb,0.38450960846522453,0.606594855887694,0.11818955732122588
51,text_only+cert,central_mlp,0.395806558813595,0.6162338882948063,0.128688989784336
51,text_only+cert,fl_fedavg,0.38175963744891905,0.6091326938711931,0.11223041997729852
51,cert_only,central_xgb,0.31974971993279144,0.5483323510158155,0.06242905788876277
51,cert_only,central_mlp,0.3300243576521863,0.5576990470506814,0.07236095346197503
51,cert_only,fl_fedavg,0.3207579900769398,0.5453997101191137,0.06853007945516458
