seed,model,top5_share_of_positives,top5_share_of_flagged,top5_share_of_false_alarms,top5_share_of_negatives
42,topic_only/logreg,0.25014188422247446,0.5673336938885885,0.5383615084525357,0.11082802547770701
42,topic_only/xgb,0.25014188422247446,0.5164943377646479,0.48994082840236686,0.11082802547770701
42,tabular/central_xgb,0.25014188422247446,0.21852152721364745,0.16685979142526072,0.11082802547770701
42,tabular/central_mlp,0.25014188422247446,0.21417004048582997,0.16222479721900349,0.11082802547770701
42,tabular/fl_fedavg,0.25014188422247446,0.23357015985790408,0.18887601390498263,0.11082802547770701
42,c3_lora_abstracts/central_lora,0.25014188422247446,0.34975961538461536,0.3453488372093023,0.11082802547770701
42,c3_lora_abstracts/fl_fedavg_lora,0.25014188422247446,0.36094986807387863,0.3500583430571762,0.11082802547770701
42,c3_lora_abstracts/fl_ditto_lora__personal,0.25014188422247446,0.32683359184577887,0.29582366589327147,0.11082802547770701
42,c3_lora_abstracts/fl_fedavg_lora,0.25014188422247446,0.3537185799429904,0.34762456546929316,0.11082802547770701
42,c3_lora_abstracts/fl_fedavg_lora_ft__personal,0.25014188422247446,0.326077492381367,0.317016317016317,0.11082802547770701
42,c3_lora_abstracts/fl_fedper_lora__personal,0.25014188422247446,0.33272603051696653,0.314385150812065,0.11082802547770701
42,c3_lora_abstracts/local_lora__personal,0.25014188422247446,0.3287150837988827,0.30243337195828507,0.11082802547770701
42,c3_lora_abstracts_modernbert-large/central_lora,0.25014188422247446,0.33456476564303855,0.3290845886442642,0.11082802547770701
42,c3_lora_abstracts_modernbert-large/fl_fedavg_lora,0.25014188422247446,0.33855878634639697,0.32444959443800697,0.11082802547770701
42,c3_lora_abstracts_modernbert-large/fl_fedavg_lora_ft__personal,0.25014188422247446,0.32008781558726673,0.29698375870069604,0.11082802547770701
42,c3_lora_abstracts_modernbert-large/local_lora__personal,0.25014188422247446,0.3192488262910798,0.2842227378190255,0.11082802547770701
42,c3_lora_abstracts_qwen3-1.7b/central_lora,0.25014188422247446,0.3281215591279454,0.3192982456140351,0.11082802547770701
42,c3_lora_abstracts_qwen3-1.7b/fl_fedavg_lora,0.25014188422247446,0.3396086202625712,0.3538283062645012,0.11082802547770701
42,c3_lora_abstracts_qwen3-1.7b/fl_fedavg_lora_ft__personal,0.25014188422247446,0.3113998323554065,0.30034924330616997,0.11082802547770701
42,c3_lora_abstracts_qwen3-1.7b/local_lora__personal,0.25014188422247446,0.31529263687854,0.2948717948717949,0.11082802547770701
43,topic_only/logreg,0.24659477866061294,0.5263657957244655,0.5040650406504065,0.11256514186450492
43,topic_only/xgb,0.24659477866061294,0.5263657957244655,0.5040650406504065,0.11256514186450492
43,tabular/central_xgb,0.24659477866061294,0.23252804141501293,0.18076477404403243,0.11256514186450492
43,tabular/central_mlp,0.24659477866061294,0.23289417764555886,0.1761297798377752,0.11256514186450492
43,tabular/fl_fedavg,0.24659477866061294,0.2567868268802848,0.1981460023174971,0.11256514186450492
43,c3_lora_abstracts/central_lora,0.24659477866061294,0.3197499421162306,0.2857142857142857,0.11256514186450492
43,c3_lora_abstracts/fl_fedavg_lora,0.24659477866061294,0.34715157680569686,0.3167053364269142,0.11256514186450492
43,c3_lora_abstracts/fl_ditto_lora__personal,0.24659477866061294,0.3303906422423306,0.2948717948717949,0.11256514186450492
43,c3_lora_abstracts/fl_fedavg_lora,0.24659477866061294,0.34480122324159024,0.3121319199057715,0.11256514186450492
43,c3_lora_abstracts/fl_fedavg_lora_ft__personal,0.24659477866061294,0.31637690491521786,0.2910360884749709,0.11256514186450492
43,c3_lora_abstracts/fl_fedper_lora__personal,0.24659477866061294,0.3259393390674513,0.2819025522041763,0.11256514186450492
43,c3_lora_abstracts/local_lora__personal,0.24659477866061294,0.32224440008871147,0.29107981220657275,0.11256514186450492
43,c3_lora_abstracts_modernbert-large/central_lora,0.24659477866061294,0.329975374972017,0.3174971031286211,0.11256514186450492
43,c3_lora_abstracts_modernbert-large/fl_fedavg_lora,0.24659477866061294,0.3356864654333009,0.3093858632676709,0.11256514186450492
43,c3_lora_abstracts_modernbert-large/fl_fedavg_lora_ft__personal,0.24659477866061294,0.31265876375952584,0.27809965237543455,0.11256514186450492
43,c3_lora_abstracts_modernbert-large/local_lora__personal,0.24659477866061294,0.32099581405595945,0.2870478413068845,0.11256514186450492
43,c3_lora_abstracts_qwen3-1.7b/central_lora,0.24659477866061294,0.31532501076194575,0.30590961761297797,0.11256514186450492
43,c3_lora_abstracts_qwen3-1.7b/fl_fedavg_lora,0.24659477866061294,0.35119478638667634,0.33488372093023255,0.11256514186450492
43,c3_lora_abstracts_qwen3-1.7b/fl_fedavg_lora_ft__personal,0.24659477866061294,0.30461042883027983,0.2703016241299304,0.11256514186450492
44,topic_only/logreg,0.24659477866061294,0.5134328358208955,0.4923439340400471,0.1204979733642154
44,topic_only/xgb,0.24659477866061294,0.43922984356197353,0.40615835777126097,0.1204979733642154
44,tabular/central_xgb,0.24659477866061294,0.22603833865814696,0.17053364269141533,0.1204979733642154
44,tabular/central_mlp,0.24659477866061294,0.22484725050916496,0.1657010428736964,0.1204979733642154
44,tabular/fl_fedavg,0.24659477866061294,0.23851203501094093,0.1633835457705678,0.1204979733642154
44,c3_lora_abstracts/central_lora,0.24659477866061294,0.3404255319148936,0.3603707995365006,0.1204979733642154
44,c3_lora_abstracts/fl_fedavg_lora,0.24659477866061294,0.34576612903225806,0.34069767441860466,0.1204979733642154
44,c3_lora_abstracts/fl_ditto_lora__personal,0.24659477866061294,0.3229418221734358,0.3228803716608595,0.1204979733642154
44,c3_lora_abstracts/fl_fedavg_lora,0.24659477866061294,0.3462906504065041,0.34382284382284384,0.1204979733642154
44,c3_lora_abstracts/fl_fedavg_lora_ft__personal,0.24659477866061294,0.31472405710632856,0.3271461716937355,0.1204979733642154
44,c3_lora_abstracts/fl_fedper_lora__personal,0.24659477866061294,0.32808988764044944,0.3271461716937355,0.1204979733642154
44,c3_lora_abstracts/local_lora__personal,0.24659477866061294,0.3140841966056866,0.2961672473867596,0.1204979733642154
44,c3_lora_abstracts_modernbert-large/central_lora,0.24659477866061294,0.330077237619264,0.3313953488372093,0.1204979733642154
44,c3_lora_abstracts_modernbert-large/fl_fedavg_lora,0.24659477866061294,0.33761006289308176,0.32981220657276994,0.1204979733642154
44,c3_lora_abstracts_modernbert-large/fl_fedavg_lora_ft__personal,0.24659477866061294,0.31077908217716116,0.30465116279069765,0.1204979733642154
44,c3_lora_abstracts_modernbert-large/local_lora__personal,0.24659477866061294,0.3092920353982301,0.29603729603729606,0.1204979733642154
44,c3_lora_abstracts_qwen3-1.7b/central_lora,0.24659477866061294,0.32310070671378094,0.31738623103850644,0.1204979733642154
44,c3_lora_abstracts_qwen3-1.7b/fl_fedavg_lora,0.24659477866061294,0.3251857177090822,0.3093858632676709,0.1204979733642154
44,c3_lora_abstracts_qwen3-1.7b/fl_fedavg_lora_ft__personal,0.24659477866061294,0.2945036915504512,0.2787456445993031,0.1204979733642154
45,topic_only/logreg,0.24687854710556187,0.5102140077821011,0.4700956937799043,0.12374059061957152
45,topic_only/xgb,0.24687854710556187,0.5354772843287392,0.4987309644670051,0.12374059061957152
45,tabular/central_xgb,0.24687854710556187,0.22522897585345544,0.1552723059096176,0.12374059061957152
45,tabular/central_mlp,0.24687854710556187,0.21941992433795712,0.1541135573580533,0.12374059061957152
45,tabular/fl_fedavg,0.24687854710556187,0.23373052245646195,0.18192352259559674,0.12374059061957152
46,topic_only/logreg,0.25198637911464244,0.5296442687747036,0.5120481927710844,0.12194557035321367
46,topic_only/xgb,0.25198637911464244,0.5296442687747036,0.5120481927710844,0.12194557035321367
46,tabular/central_xgb,0.25198637911464244,0.22454090150250416,0.17960602549246812,0.12194557035321367
46,tabular/central_mlp,0.25198637911464244,0.22302737520128824,0.17149478563151796,0.12194557035321367
46,tabular/fl_fedavg,0.25198637911464244,0.24696707105719237,0.1981460023174971,0.12194557035321367
47,topic_only/logreg,0.25666855845629966,0.6301502666020359,0.6060975609756097,0.10839606253618993
47,topic_only/xgb,0.25666855845629966,0.5966785290628707,0.5639445300462249,0.10839606253618993
47,tabular/central_xgb,0.25666855845629966,0.2132701421800948,0.14600231749710313,0.10839606253618993
47,tabular/central_mlp,0.25666855845629966,0.22808441558441558,0.15063731170336037,0.10839606253618993
47,tabular/fl_fedavg,0.25666855845629966,0.2529284164859002,0.1853997682502897,0.10839606253618993
48,topic_only/logreg,0.24233825198637912,0.5039254170755643,0.4635352286773795,0.12038216560509554
48,topic_only/xgb,0.24233825198637912,0.6051856216853271,0.5787037037037037,0.12038216560509554
48,tabular/central_xgb,0.24233825198637912,0.18594009983361065,0.14965197215777262,0.12038216560509554
48,tabular/central_mlp,0.24233825198637912,0.18208333333333335,0.14153132250580047,0.12038216560509554
48,tabular/fl_fedavg,0.24233825198637912,0.2200180342651037,0.1761297798377752,0.12038216560509554
49,topic_only/logreg,0.2535471055618615,0.5105162523900574,0.46983758700696054,0.1117544875506659
49,topic_only/xgb,0.2535471055618615,0.5227606461086637,0.48677884615384615,0.1117544875506659
49,tabular/central_xgb,0.2535471055618615,0.23471074380165288,0.1761297798377752,0.1117544875506659
49,tabular/central_mlp,0.2535471055618615,0.24537607891491986,0.18192352259559674,0.1117544875506659
49,tabular/fl_fedavg,0.2535471055618615,0.2562326869806094,0.1761297798377752,0.1117544875506659
50,topic_only/logreg,0.25156072644721905,0.5773252614199229,0.5633423180592992,0.1265778807180081
50,topic_only/xgb,0.25156072644721905,0.5773252614199229,0.5633423180592992,0.1265778807180081
50,tabular/central_xgb,0.25156072644721905,0.22873658133773742,0.17381228273464658,0.1265778807180081
50,tabular/central_mlp,0.25156072644721905,0.23377156943303204,0.16801853997682503,0.1265778807180081
50,tabular/fl_fedavg,0.25156072644721905,0.24096385542168675,0.1853997682502897,0.1265778807180081
51,topic_only/logreg,0.24815550510783202,0.37828627069133397,0.33373063170441003,0.12993630573248408
51,topic_only/xgb,0.24815550510783202,0.4384875846501129,0.39325842696629215,0.12993630573248408
51,tabular/central_xgb,0.24815550510783202,0.22644628099173553,0.19119351100811124,0.12993630573248408
51,tabular/central_mlp,0.24815550510783202,0.24751243781094528,0.20625724217844726,0.12993630573248408
51,tabular/fl_fedavg,0.24815550510783202,0.25216203914428764,0.2074159907300116,0.12993630573248408
