model,seed,lm_auc_within_format_deciles,lm_auc,format_auc_on_test
ModernBERT-base,42,0.7974577926956358,0.8517779522598615,0.733858636320915
ModernBERT-base,43,0.8031955300944421,0.857020627681998,0.7377887019409302
ModernBERT-base,44,0.8063497803989089,0.8601223548081581,0.7380220468528486
ModernBERT-large,42,0.8150288924947101,0.8634978478291302,0.733858636320915
ModernBERT-large,43,0.8164897735799496,0.8666173905856573,0.7377887019409302
ModernBERT-large,44,0.8163707153877204,0.8673867284110873,0.7380220468528486
Qwen3-1.7B,42,0.8372919449061771,0.8771910432031296,0.733858636320915
Qwen3-1.7B,43,0.8376132139903678,0.8795327654787718,0.7377887019409302
Qwen3-1.7B,44,0.8347430660318523,0.87902270114697,0.7380220468528486
