model,seed,vs,delta_auprc,lo,hi
ModernBERT-base,42,central,0.035009234255424015,0.030470195170333284,0.03995959664886588
ModernBERT-base,42,central + publisher prior,0.037603823071842846,0.03242886055878034,0.0426461323497009
ModernBERT-base,42,FedAvg,0.0655360332225412,0.060176514784797595,0.07133240654567906
ModernBERT-base,42,local only (personal),0.011625137832406152,0.0077767954322898345,0.015185238192933992
ModernBERT-base,42,Ditto (personal),0.008875411761742225,0.006314862469711954,0.0114030552927813
ModernBERT-base,42,FedPer (personal),0.01553862830203101,0.011939958319660002,0.018688714806504428
ModernBERT-base,43,central,0.03183319627907877,0.027050374660328516,0.03675468572043318
ModernBERT-base,43,central + publisher prior,0.03413256692220501,0.028989315448256774,0.03935991403858117
ModernBERT-base,43,FedAvg,0.06119358484137649,0.05553891898867347,0.06663018509438907
ModernBERT-base,43,local only (personal),0.012861189793242023,0.008866179051908318,0.016610118976984087
ModernBERT-base,43,Ditto (personal),0.0096749697663282,0.007056460021984965,0.012222841443988566
ModernBERT-base,43,FedPer (personal),0.0221947718440747,0.018367771158995662,0.02578134457454735
ModernBERT-base,44,central,0.02756568743152954,0.022784298784617428,0.03193789449919569
ModernBERT-base,44,central + publisher prior,0.029586151408143135,0.0254024701251196,0.03413859346135494
ModernBERT-base,44,FedAvg,0.06177700558173416,0.05637516170691593,0.06701722057346493
ModernBERT-base,44,local only (personal),0.01320324915016624,0.009655498225368401,0.016792393163965386
ModernBERT-base,44,Ditto (personal),0.0094961096214079,0.007028635343440939,0.01204709934131469
ModernBERT-base,44,FedPer (personal),0.018729599623093618,0.014896232123709366,0.022395479047592887
ModernBERT-large,42,central,0.02309732849107682,0.018486206054572202,0.027800784804706467
ModernBERT-large,42,central + publisher prior,0.02503077219421801,0.019821664897982896,0.030093144794688192
ModernBERT-large,42,FedAvg,0.06057773685845391,0.054959585957386314,0.06596665692891293
ModernBERT-large,42,local only (personal),0.01169319511437461,0.007795945611041808,0.01580532263567531
ModernBERT-large,43,central,0.02474114583971254,0.02007280655702202,0.029331141806367853
ModernBERT-large,43,central + publisher prior,0.026554133262585156,0.022199382807583566,0.031235914042167964
ModernBERT-large,43,FedAvg,0.06017899998814347,0.054629484565477504,0.06513171304530233
ModernBERT-large,43,local only (personal),0.017601169489017132,0.013267170774229337,0.0222201014447444
ModernBERT-large,44,central,0.025857036122194588,0.021504787775042992,0.030250793983335498
ModernBERT-large,44,central + publisher prior,0.027513173984741846,0.023317437920690954,0.032092831246941386
ModernBERT-large,44,FedAvg,0.06406496865964484,0.05879192658730459,0.06957644150704521
ModernBERT-large,44,local only (personal),0.022253030179378408,0.01790221731850138,0.026466743507487196
Qwen3-1.7B,42,central,0.019981045404746656,0.01585187606966836,0.024424271327760764
Qwen3-1.7B,42,central + publisher prior,0.020332728997956018,0.016250216641804004,0.024681484456660605
Qwen3-1.7B,42,FedAvg,0.0664223712029679,0.06079169407394405,0.07167902912503923
Qwen3-1.7B,42,local only (personal),0.004482914574443719,0.001116969285597097,0.00767612577812504
Qwen3-1.7B,43,central,0.021171355159221195,0.017096834982330417,0.02538259292565161
Qwen3-1.7B,43,central + publisher prior,0.0222365378974122,0.017862829133987457,0.026351681906921515
Qwen3-1.7B,43,FedAvg,0.06257069038169005,0.0573053052251402,0.06789360699138891
Qwen3-1.7B,44,central,0.023250338088266265,0.018839414845093404,0.027822568730461707
Qwen3-1.7B,44,central + publisher prior,0.026045813907992432,0.020864725435048907,0.03081913026968566
Qwen3-1.7B,44,FedAvg,0.057122154260432656,0.051643257960838906,0.062125558848176284
