model,regime,seed,subset,n_pos,n_neg,base_rate,roc_auc,auprc,roc_lo,roc_hi
ModernBERT-base,central,42,all inputs (as reported),213,9653,0.021589296574092844,0.8866566573723219,0.1918113505737568,0.860732208090214,0.9105038133076925
ModernBERT-base,central,42,both with abstract,61,4438,0.01355856857079351,0.8317197231067014,0.09738074978249198,0.7694385855391958,0.8800789012921193
ModernBERT-base,central,42,both title only,152,5215,0.028321222284330167,0.9119165363072109,0.23064189614476277,0.8922284843820962,0.9313873347378513
ModernBERT-base,central,43,all inputs (as reported),213,9655,0.021584920956627483,0.8757570452926431,0.16730143755270346,,
ModernBERT-base,central,43,both with abstract,61,4455,0.013507528786536759,0.8133944177660025,0.08974782438747696,,
ModernBERT-base,central,43,both title only,152,5200,0.028400597907324365,0.8973867661943319,0.20421123081442558,,
ModernBERT-base,central,44,all inputs (as reported),213,9624,0.02165294297041781,0.8858087566685791,0.20238599645079103,,
ModernBERT-base,central,44,both with abstract,61,4487,0.013412489006156552,0.8311771346732089,0.08044173042482052,,
ModernBERT-base,central,44,both title only,152,5137,0.028738892040083192,0.910340870669959,0.2830794273979597,,
ModernBERT-base,fedavg,42,all inputs (as reported),213,9653,0.021589296574092844,0.87423039566867,0.18390351418561382,0.8509230570758366,0.8970683054089585
ModernBERT-base,fedavg,42,both with abstract,61,4438,0.01355856857079351,0.8448496221160027,0.08679440751309288,0.7853145154736663,0.8949663949201753
ModernBERT-base,fedavg,42,both title only,152,5215,0.028321222284330167,0.8951045819246102,0.23680641324678217,0.8706544728011303,0.9162454111369028
ModernBERT-base,fedavg,43,all inputs (as reported),213,9655,0.021584920956627483,0.8773886891172686,0.20805015881756855,,
ModernBERT-base,fedavg,43,both with abstract,61,4455,0.013507528786536759,0.8402936468510239,0.09279906981350731,,
ModernBERT-base,fedavg,43,both title only,152,5200,0.028400597907324365,0.9006155111336033,0.27484884255269365,,
ModernBERT-base,fedavg,44,all inputs (as reported),213,9624,0.02165294297041781,0.8767659294642892,0.18725106462375551,,
ModernBERT-base,fedavg,44,both with abstract,61,4487,0.013412489006156552,0.8339519997661733,0.07376539777921214,,
ModernBERT-base,fedavg,44,both title only,152,5137,0.028738892040083192,0.8982754116164462,0.25879794767306274,,
ModernBERT-large,central,42,all inputs (as reported),213,9653,0.021589296574092844,0.879784386765359,0.2160407342377629,0.8537870138403542,0.9040699721656017
ModernBERT-large,central,42,both with abstract,61,4438,0.01355856857079351,0.8320355499080223,0.10958582551785506,0.7725552512208275,0.8839570604836029
ModernBERT-large,central,42,both title only,152,5215,0.028321222284330167,0.90141040520765,0.263018988500369,0.8771191716707877,0.9245351371297371
ModernBERT-large,central,43,all inputs (as reported),213,9655,0.021584920956627483,0.8892714130458567,0.22386343528565827,,
ModernBERT-large,central,43,both with abstract,61,4455,0.013507528786536759,0.8414325403396441,0.12725240370398577,,
ModernBERT-large,central,43,both title only,152,5200,0.028400597907324365,0.9089486336032389,0.2764940823029036,,
ModernBERT-large,central,44,all inputs (as reported),213,9624,0.02165294297041781,0.8900604025928918,0.20239136682388686,,
ModernBERT-large,central,44,both with abstract,61,4487,0.013412489006156552,0.8425487839185699,0.08251886493847359,,
ModernBERT-large,central,44,both title only,152,5137,0.028738892040083192,0.9118962788029056,0.2820324049577649,,
ModernBERT-large,fedavg,42,all inputs (as reported),213,9653,0.021589296574092844,0.8734086899934779,0.24433942106370707,0.8485788674517495,0.8965399114532493
ModernBERT-large,fedavg,42,both with abstract,61,4438,0.01355856857079351,0.845074948839752,0.09057714242233789,0.7876102623394085,0.894953558684683
ModernBERT-large,fedavg,42,both title only,152,5215,0.028321222284330167,0.8931189130544482,0.3220509822768439,0.8680678520966847,0.921349488444265
ModernBERT-large,fedavg,43,all inputs (as reported),213,9655,0.021584920956627483,0.8759065700955256,0.24810831927068222,,
ModernBERT-large,fedavg,43,both with abstract,61,4455,0.013507528786536759,0.8390737980901914,0.08765771013539692,,
ModernBERT-large,fedavg,43,both title only,152,5200,0.028400597907324365,0.9019211791497975,0.3398804725929673,,
ModernBERT-large,fedavg,44,all inputs (as reported),213,9624,0.02165294297041781,0.8701158879015294,0.18868306077298536,,
ModernBERT-large,fedavg,44,both with abstract,61,4487,0.013412489006156552,0.8296170722707128,0.07556806641255434,,
ModernBERT-large,fedavg,44,both title only,152,5137,0.028738892040083192,0.8913852545516019,0.2699389388337934,,
Qwen3-1.7B,central,42,all inputs (as reported),213,9653,0.021589296574092844,0.8947458013733841,0.25574920673632395,0.8727829023938166,0.9160828945147803
Qwen3-1.7B,central,42,both with abstract,61,4438,0.01355856857079351,0.8732684934138107,0.12018736929594502,0.8259559763296123,0.9155747401354916
Qwen3-1.7B,central,42,both title only,152,5215,0.028321222284330167,0.9004226169450471,0.31345166818589765,0.8715864062421153,0.924828398597164
Qwen3-1.7B,central,43,all inputs (as reported),213,9655,0.021584920956627483,0.8933484560044541,0.32043535333401896,,
Qwen3-1.7B,central,43,both with abstract,61,4455,0.013507528786536759,0.8599510588581626,0.13978422183892772,,
Qwen3-1.7B,central,43,both title only,152,5200,0.028400597907324365,0.9025234058704453,0.4044856658736348,,
Qwen3-1.7B,central,44,all inputs (as reported),213,9624,0.02165294297041781,0.905863763907914,0.3108191882043108,,
Qwen3-1.7B,central,44,both with abstract,61,4487,0.013412489006156552,0.8530819452918632,0.11896028411529859,,
Qwen3-1.7B,central,44,both title only,152,5137,0.028738892040083192,0.9276206930114852,0.4170201657162472,,
Qwen3-1.7B,fedavg,42,all inputs (as reported),213,9653,0.021589296574092844,0.8964974278837152,0.3702635979929452,0.8734885503497172,0.9176268269515571
Qwen3-1.7B,fedavg,42,both with abstract,61,4438,0.01355856857079351,0.8641427611019585,0.12420159171505239,0.8093956626452619,0.9082364767026944
Qwen3-1.7B,fedavg,42,both title only,152,5215,0.028321222284330167,0.9200181662209215,0.5038578674471244,0.8937375107231166,0.9420360044406317
Qwen3-1.7B,fedavg,43,all inputs (as reported),213,9655,0.021584920956627483,0.8917075732489187,0.3123041820681857,,
Qwen3-1.7B,fedavg,43,both with abstract,61,4455,0.013507528786536759,0.8656032087726075,0.12971067135302275,,
Qwen3-1.7B,fedavg,43,both title only,152,5200,0.028400597907324365,0.9100151821862348,0.402163788768328,,
Qwen3-1.7B,fedavg,44,all inputs (as reported),213,9624,0.02165294297041781,0.8874554127201559,0.26483082854817225,,
Qwen3-1.7B,fedavg,44,both with abstract,61,4487,0.013412489006156552,0.8610466666910236,0.11257544852697705,,
Qwen3-1.7B,fedavg,44,both title only,152,5137,0.028738892040083192,0.9048281046689138,0.3719110283113704,,
