publisher,n,with_abstract
Elsevier BV,145,9.0
Public Library of Science,16,16.0
Springer Science+Business Media,12,1.0
Multidisciplinary Digital Publishing Institute,9,9.0
Wiley,7,7.0
Springer Nature,2,1.0
Portland Press,2,2.0
Nature Portfolio,2,2.0
Frontiers Media,2,2.0
American Association for the Advancement of Science,1,1.0
American Psychological Association,1,0.0
American Institute of Physics,1,1.0
American Diabetes Association,1,1.0
BMJ,1,0.0
Informa,1,1.0
BioMed Central,1,1.0
Emerald Publishing Limited,1,1.0
Higher Education Press,1,0.0
"PeerJ, Inc.",1,1.0
Oxford University Press,1,1.0
SAGE Publishing,1,1.0
