model,scores,seed,group,n_groups,within_auc,pos_covered,pooled_auc
ModernBERT-base,central_lora,42,journal,121,0.8113300551064454,0.5729285,0.8517779522598615
ModernBERT-base,central_lora,42,subfield,156,0.8219986107897311,0.9824064,0.8517779522598615
ModernBERT-base,central_lora,43,journal,109,0.8260841952275159,0.5683882,0.857020627681998
ModernBERT-base,central_lora,43,subfield,156,0.8252792700743938,0.98084563,0.857020627681998
ModernBERT-base,central_lora,44,journal,120,0.8325107967629116,0.56328034,0.8601223548081581
ModernBERT-base,central_lora,44,subfield,154,0.8269925859868253,0.97885925,0.8601223548081581
ModernBERT-base,fl_fedavg_lora,42,journal,121,0.804016756236137,0.5729285,0.8354015060595326
ModernBERT-base,fl_fedavg_lora,42,subfield,156,0.8019095086377076,0.9824064,0.8354015060595326
ModernBERT-base,fl_fedavg_lora,43,journal,109,0.8112084386845546,0.5683882,0.8396130397433563
ModernBERT-base,fl_fedavg_lora,43,subfield,156,0.8027794319679995,0.98084563,0.8396130397433563
ModernBERT-base,fl_fedavg_lora,44,journal,120,0.8173992898060957,0.56328034,0.8398256237154836
ModernBERT-base,fl_fedavg_lora,44,subfield,154,0.8027587590225261,0.97885925,0.8398256237154836
ModernBERT-base,fl_fedavg_lora_ft__personal,42,journal,121,0.8243559219948003,0.5729285,0.8704411539500502
ModernBERT-base,fl_fedavg_lora_ft__personal,42,subfield,156,0.8459236178061565,0.9824064,0.8704411539500502
ModernBERT-base,fl_fedavg_lora_ft__personal,43,journal,109,0.8363760100921633,0.5683882,0.8742149743967579
ModernBERT-base,fl_fedavg_lora_ft__personal,43,subfield,156,0.8471775214067525,0.98084563,0.8742149743967579
ModernBERT-base,fl_fedavg_lora_ft__personal,44,journal,120,0.8436345773567062,0.56328034,0.8763805778491699
ModernBERT-base,fl_fedavg_lora_ft__personal,44,subfield,154,0.8495261293536841,0.97885925,0.8763805778491699
ModernBERT-base,local_lora__personal,42,journal,121,0.820028757962208,0.5729285,0.8637998878728508
ModernBERT-base,local_lora__personal,42,subfield,156,0.8360131448995703,0.9824064,0.8637998878728508
ModernBERT-base,local_lora__personal,43,journal,109,0.8320498224362124,0.5683882,0.8661723325601862
ModernBERT-base,local_lora__personal,43,subfield,156,0.8376225622024411,0.98084563,0.8661723325601862
ModernBERT-base,local_lora__personal,44,journal,120,0.8337600485535044,0.56328034,0.8669060391248824
ModernBERT-base,local_lora__personal,44,subfield,154,0.8384826532438466,0.97885925,0.8669060391248824
ModernBERT-large,central_lora,42,journal,121,0.8226871268329059,0.5729285,0.8634978478291302
ModernBERT-large,central_lora,42,subfield,156,0.8370724199824996,0.9824064,0.8634978478291302
ModernBERT-large,central_lora,43,journal,109,0.8325294166389063,0.5683882,0.8666173905856573
ModernBERT-large,central_lora,43,subfield,156,0.8370027407093387,0.98084563,0.8666173905856573
ModernBERT-large,central_lora,44,journal,120,0.8382751402587372,0.56328034,0.8673867284110873
ModernBERT-large,central_lora,44,subfield,154,0.8366578519345413,0.97885925,0.8673867284110873
ModernBERT-large,fl_fedavg_lora,42,journal,121,0.8141469516206101,0.5729285,0.8422773083174554
ModernBERT-large,fl_fedavg_lora,42,subfield,156,0.8101147773305166,0.9824064,0.8422773083174554
ModernBERT-large,fl_fedavg_lora,43,journal,109,0.8229059239718429,0.5683882,0.8481612683841531
ModernBERT-large,fl_fedavg_lora,43,subfield,156,0.8152772951344939,0.98084563,0.8481612683841531
ModernBERT-large,fl_fedavg_lora,44,journal,120,0.8219347602938677,0.56328034,0.845652029067616
ModernBERT-large,fl_fedavg_lora,44,subfield,154,0.8108799000845531,0.97885925,0.845652029067616
ModernBERT-large,fl_fedavg_lora_ft__personal,42,journal,121,0.8291782580905487,0.5729285,0.8748653085764123
ModernBERT-large,fl_fedavg_lora_ft__personal,42,subfield,156,0.8506077111400434,0.9824064,0.8748653085764123
ModernBERT-large,fl_fedavg_lora_ft__personal,43,journal,109,0.8412878466867966,0.5683882,0.8803750253863489
ModernBERT-large,fl_fedavg_lora_ft__personal,43,subfield,156,0.8555488384428592,0.98084563,0.8803750253863489
ModernBERT-large,fl_fedavg_lora_ft__personal,44,journal,120,0.8493419158878169,0.56328034,0.881995767134389
ModernBERT-large,fl_fedavg_lora_ft__personal,44,subfield,154,0.8566319166887367,0.97885925,0.881995767134389
ModernBERT-large,local_lora__personal,42,journal,121,0.8262051759236333,0.5729285,0.8672419769278343
ModernBERT-large,local_lora__personal,42,subfield,156,0.8409858878699211,0.9824064,0.8672419769278343
ModernBERT-large,local_lora__personal,43,journal,109,0.8399116749823633,0.5683882,0.8700238976737888
ModernBERT-large,local_lora__personal,43,subfield,156,0.8438756557284659,0.98084563,0.8700238976737888
ModernBERT-large,local_lora__personal,44,journal,120,0.8289257003740991,0.56328034,0.8662423914893785
ModernBERT-large,local_lora__personal,44,subfield,154,0.8390278864687042,0.97885925,0.8662423914893785
Qwen3-1.7B,central_lora,42,journal,121,0.8351072924835791,0.5729285,0.8771910432031296
Qwen3-1.7B,central_lora,42,subfield,156,0.8539025760547468,0.9824064,0.8771910432031296
Qwen3-1.7B,central_lora,43,journal,109,0.8441215652088178,0.5683882,0.8795327654787718
Qwen3-1.7B,central_lora,43,subfield,156,0.8510193431356279,0.98084563,0.8795327654787718
Qwen3-1.7B,central_lora,44,journal,120,0.8504845451736753,0.56328034,0.87902270114697
Qwen3-1.7B,central_lora,44,subfield,154,0.8507912066522589,0.97885925,0.87902270114697
Qwen3-1.7B,fl_fedavg_lora,42,journal,121,0.8260745364144451,0.5729285,0.8533137565421197
Qwen3-1.7B,fl_fedavg_lora,42,subfield,156,0.8250158160770567,0.9824064,0.8533137565421197
Qwen3-1.7B,fl_fedavg_lora,43,journal,109,0.8352990332915136,0.5683882,0.8572107870458309
Qwen3-1.7B,fl_fedavg_lora,43,subfield,156,0.8248807224424626,0.98084563,0.8572107870458309
Qwen3-1.7B,fl_fedavg_lora,44,journal,120,0.8413724776425486,0.56328034,0.860222865032695
Qwen3-1.7B,fl_fedavg_lora,44,subfield,154,0.8286446795952714,0.97885925,0.860222865032695
Qwen3-1.7B,fl_fedavg_lora_ft__personal,42,journal,121,0.8417415080977142,0.5729285,0.8876072963489008
Qwen3-1.7B,fl_fedavg_lora_ft__personal,42,subfield,156,0.8677908829913273,0.9824064,0.8876072963489008
Qwen3-1.7B,fl_fedavg_lora_ft__personal,43,journal,109,0.8551939338365789,0.5683882,0.8906702291902593
Qwen3-1.7B,fl_fedavg_lora_ft__personal,43,subfield,156,0.8671735796925424,0.98084563,0.8906702291902593
Qwen3-1.7B,fl_fedavg_lora_ft__personal,44,journal,120,0.8587576731923766,0.56328034,0.891815510911365
Qwen3-1.7B,fl_fedavg_lora_ft__personal,44,subfield,154,0.8691552816594912,0.97885925,0.891815510911365
Qwen3-1.7B,local_lora__personal,42,journal,121,0.8432834155652248,0.5729285,0.8845920471223216
Qwen3-1.7B,local_lora__personal,42,subfield,156,0.863576823787327,0.9824064,0.8845920471223216
