exp,seed,silo,auprc,roc_auc,base
random split (reference),42,ALL,0.6917732060451469,0.8292174201948488,0.2898264659922691
held-out publisher: other nine publishers,42,Elsevier BV,0.5624843724199947,0.7420281373741413,0.27790973871733965
held-out publisher: own data only,42,Elsevier BV,0.5792384094532969,0.7459413510826767,0.27790973871733965
held-out publisher: all ten publishers,42,Elsevier BV,0.6085833870684607,0.7702175766259587,0.27790973871733965
held-out publisher: other nine publishers,42,Hindawi Publishing Corporation,0.5894675346876166,0.7288082814287122,0.35051546391752575
held-out publisher: own data only,42,Hindawi Publishing Corporation,0.7419321270454742,0.833268012280358,0.35051546391752575
held-out publisher: all ten publishers,42,Hindawi Publishing Corporation,0.7204553620207023,0.8243366390909359,0.35051546391752575
held-out publisher: other nine publishers,42,IOS Press,0.5693477306742379,0.821123956195778,0.25921299188007496
held-out publisher: own data only,42,IOS Press,0.7379630963210233,0.879737499746033,0.25921299188007496
held-out publisher: all ten publishers,42,IOS Press,0.6581806692417675,0.8689997765090718,0.25921299188007496
held-out publisher: other nine publishers,42,Other,0.5972912655804801,0.7843933602954156,0.2722483537158984
held-out publisher: own data only,42,Other,0.5922205812632962,0.7794994850809255,0.2722483537158984
held-out publisher: all ten publishers,42,Other,0.6467021570851452,0.8100175522726833,0.2722483537158984
held-out publisher: other nine publishers,42,Public Library of Science,0.7164507364688638,0.8692208408256021,0.25178389398572887
held-out publisher: own data only,42,Public Library of Science,0.6711141304609858,0.8528169091771557,0.25178389398572887
held-out publisher: all ten publishers,42,Public Library of Science,0.754894181474353,0.8855861620095092,0.25178389398572887
held-out publisher: other nine publishers,42,SAGE Publishing,0.7825356475140015,0.8842939451582554,0.2545662100456621
held-out publisher: own data only,42,SAGE Publishing,0.8328417730389541,0.9167347667543383,0.2545662100456621
held-out publisher: all ten publishers,42,SAGE Publishing,0.8064329834302459,0.8984885214154745,0.2545662100456621
held-out publisher: other nine publishers,42,Spandidos Publishing,0.4968944651526395,0.7670014760413292,0.2635514018691589
held-out publisher: own data only,42,Spandidos Publishing,0.5642739281137137,0.8137127839579509,0.2635514018691589
held-out publisher: all ten publishers,42,Spandidos Publishing,0.4930852846345822,0.7618173308852648,0.2635514018691589
held-out publisher: other nine publishers,42,Springer Science+Business Media,0.6474252747364343,0.8119340253396983,0.26607142857142857
held-out publisher: own data only,42,Springer Science+Business Media,0.6983498729185966,0.827890632512687,0.26607142857142857
held-out publisher: all ten publishers,42,Springer Science+Business Media,0.73148590810724,0.8447539784922826,0.26607142857142857
held-out publisher: other nine publishers,42,Taylor & Francis,0.6916598155907377,0.8189634496442355,0.2654761904761905
held-out publisher: own data only,42,Taylor & Francis,0.7311699268811503,0.8382088944771098,0.2654761904761905
held-out publisher: all ten publishers,42,Taylor & Francis,0.7134022196097519,0.8330922807451068,0.2654761904761905
held-out publisher: other nine publishers,42,Wiley,0.8572269498827556,0.9026370724673769,0.319125070106562
held-out publisher: own data only,42,Wiley,0.8266216491136033,0.8901118468482815,0.319125070106562
held-out publisher: all ten publishers,42,Wiley,0.8756389827154405,0.9163942637593628,0.319125070106562
temporal: train <= 2020,42,ALL,0.6010123302931446,0.7638894960741677,0.3388341762044184
"temporal reference: random train, same size",42,ALL,0.7073289100702519,0.8284598365912619,0.3388341762044184
journal-grouped: unseen journals,42,ALL,0.6534229219793926,0.8098417592764366,0.28669329717447867
random split (reference),43,ALL,0.7024884578427368,0.8340248018878901,0.2898264659922691
held-out publisher: other nine publishers,43,Elsevier BV,0.5972843083546977,0.7543330320498937,0.27790973871733965
held-out publisher: own data only,43,Elsevier BV,0.5717445723277808,0.7379752156189777,0.27790973871733965
held-out publisher: all ten publishers,43,Elsevier BV,0.635221954111101,0.7779013456401371,0.27790973871733965
held-out publisher: other nine publishers,43,Hindawi Publishing Corporation,0.5946773539664166,0.7423198131561723,0.35051546391752575
held-out publisher: own data only,43,Hindawi Publishing Corporation,0.7403110829282284,0.8307715633121104,0.35051546391752575
held-out publisher: all ten publishers,43,Hindawi Publishing Corporation,0.7258297279500465,0.8319365354738147,0.35051546391752575
held-out publisher: other nine publishers,43,IOS Press,0.5828950671330172,0.8205063085393852,0.25921299188007496
held-out publisher: own data only,43,IOS Press,0.7213086571090676,0.8743920030882383,0.25921299188007496
held-out publisher: all ten publishers,43,IOS Press,0.6813520218753791,0.8725451553261951,0.25921299188007496
held-out publisher: other nine publishers,43,Other,0.5826686029628155,0.7678022281952677,0.2722483537158984
held-out publisher: own data only,43,Other,0.6151077393658678,0.7931200951367482,0.2722483537158984
held-out publisher: all ten publishers,43,Other,0.6484529614201966,0.8011221555277152,0.2722483537158984
held-out publisher: other nine publishers,43,Public Library of Science,0.6607750640352514,0.8197663515317324,0.25178389398572887
held-out publisher: own data only,43,Public Library of Science,0.6649241266359246,0.8426733885646835,0.25178389398572887
held-out publisher: all ten publishers,43,Public Library of Science,0.7037738663859783,0.850676786285563,0.25178389398572887
held-out publisher: other nine publishers,43,SAGE Publishing,0.7787785273312127,0.8943407110335877,0.2545662100456621
held-out publisher: own data only,43,SAGE Publishing,0.8361784088443658,0.9058845342984088,0.2545662100456621
held-out publisher: all ten publishers,43,SAGE Publishing,0.806832631331052,0.9082468633900795,0.2545662100456621
held-out publisher: other nine publishers,43,Spandidos Publishing,0.5093866727662831,0.7797278323793065,0.2635514018691589
held-out publisher: own data only,43,Spandidos Publishing,0.5388421748633142,0.7935882204701733,0.2635514018691589
held-out publisher: all ten publishers,43,Spandidos Publishing,0.49163512800350706,0.7789898117147281,0.2635514018691589
held-out publisher: other nine publishers,43,Springer Science+Business Media,0.6553109378888001,0.8256544032397655,0.26607142857142857
held-out publisher: own data only,43,Springer Science+Business Media,0.7184161130667873,0.8371149648644384,0.26607142857142857
held-out publisher: all ten publishers,43,Springer Science+Business Media,0.7493363858235687,0.8593751984483381,0.26607142857142857
held-out publisher: other nine publishers,43,Taylor & Francis,0.7347027821738702,0.8561606500425174,0.2654761904761905
held-out publisher: own data only,43,Taylor & Francis,0.7663049771865578,0.8611900487677246,0.2654761904761905
held-out publisher: all ten publishers,43,Taylor & Francis,0.7593882474004127,0.8664883604305513,0.2654761904761905
held-out publisher: other nine publishers,43,Wiley,0.859016342746752,0.9034622433646124,0.319125070106562
held-out publisher: own data only,43,Wiley,0.8422042950472152,0.9049953240315823,0.319125070106562
held-out publisher: all ten publishers,43,Wiley,0.875948386394661,0.9153070649105486,0.319125070106562
temporal: train <= 2020,43,ALL,0.6058058391898963,0.7649906840966787,0.3414958743678467
"temporal reference: random train, same size",43,ALL,0.7135620226405319,0.8293292612617835,0.3414958743678467
journal-grouped: unseen journals,43,ALL,0.6277956545783241,0.8093608338187771,0.2551362313728948
random split (reference),44,ALL,0.7018165725027782,0.8347134661682946,0.2898264659922691
held-out publisher: other nine publishers,44,Elsevier BV,0.5755342752305092,0.7497580707863359,0.27790973871733965
held-out publisher: own data only,44,Elsevier BV,0.589292138672912,0.7561072374668866,0.27790973871733965
held-out publisher: all ten publishers,44,Elsevier BV,0.624047583730443,0.7765209260092302,0.27790973871733965
held-out publisher: other nine publishers,44,Hindawi Publishing Corporation,0.5811360146682878,0.7258193629532288,0.35051546391752575
held-out publisher: own data only,44,Hindawi Publishing Corporation,0.7419931428202815,0.8334122629390119,0.35051546391752575
held-out publisher: all ten publishers,44,Hindawi Publishing Corporation,0.7239899992631258,0.8269288282299658,0.35051546391752575
held-out publisher: other nine publishers,44,IOS Press,0.5864715689153125,0.836941018712286,0.25921299188007496
held-out publisher: own data only,44,IOS Press,0.7332322029711897,0.8753123793656921,0.25921299188007496
held-out publisher: all ten publishers,44,IOS Press,0.6735730206624826,0.879166582011012,0.25921299188007496
held-out publisher: other nine publishers,44,Other,0.6004743756368474,0.7845909662969208,0.2722483537158984
held-out publisher: own data only,44,Other,0.6337678522672736,0.7933351211971565,0.2722483537158984
held-out publisher: all ten publishers,44,Other,0.6653750720164103,0.8159877191264743,0.2722483537158984
held-out publisher: other nine publishers,44,Public Library of Science,0.6342229462519839,0.8203786031837086,0.25178389398572887
held-out publisher: own data only,44,Public Library of Science,0.6969611958646349,0.8451554898564794,0.25178389398572887
held-out publisher: all ten publishers,44,Public Library of Science,0.6788694143725714,0.8444660172754249,0.25178389398572887
held-out publisher: other nine publishers,44,SAGE Publishing,0.7854014005143259,0.8853308977537271,0.2545662100456621
held-out publisher: own data only,44,SAGE Publishing,0.8211769405509788,0.9024303147254136,0.2545662100456621
held-out publisher: all ten publishers,44,SAGE Publishing,0.8059123660748373,0.897087605326228,0.2545662100456621
held-out publisher: other nine publishers,44,Spandidos Publishing,0.5403807410659486,0.7938222270223565,0.2635514018691589
held-out publisher: own data only,44,Spandidos Publishing,0.5863604604050457,0.7976743348813767,0.2635514018691589
held-out publisher: all ten publishers,44,Spandidos Publishing,0.5354585406197613,0.7926341937574252,0.2635514018691589
held-out publisher: other nine publishers,44,Springer Science+Business Media,0.6623700312473729,0.8151509296000552,0.26607142857142857
held-out publisher: own data only,44,Springer Science+Business Media,0.7141590540746592,0.8367162538034041,0.26607142857142857
held-out publisher: all ten publishers,44,Springer Science+Business Media,0.7445192909629882,0.8508843311542571,0.26607142857142857
held-out publisher: other nine publishers,44,Taylor & Francis,0.7016955825773241,0.8597582690728319,0.2654761904761905
held-out publisher: own data only,44,Taylor & Francis,0.7985737801672274,0.8864824007384203,0.2654761904761905
held-out publisher: all ten publishers,44,Taylor & Francis,0.7317398984761476,0.8702967490606216,0.2654761904761905
held-out publisher: other nine publishers,44,Wiley,0.8525852478112093,0.89910259045755,0.319125070106562
held-out publisher: own data only,44,Wiley,0.8408129867407002,0.9028925859118718,0.319125070106562
held-out publisher: all ten publishers,44,Wiley,0.8686507656146467,0.912681718555922,0.319125070106562
temporal: train <= 2020,44,ALL,0.6129806120658271,0.7675124170888334,0.34357199893532075
"temporal reference: random train, same size",44,ALL,0.7152235857057991,0.8321435526320188,0.34357199893532075
journal-grouped: unseen journals,44,ALL,0.5325576609491298,0.7883987370409974,0.21383214373615556
