model,seed,regime,other_auprc
ModernBERT-base,42,Central,0.7430679772980315
ModernBERT-base,42,FedAvg,0.7124826465023337
ModernBERT-base,42,Local only,0.5158143909476316
ModernBERT-base,42,FedAvg + local FT,0.6614940324453852
ModernBERT-base,43,Central,0.7524163640837905
ModernBERT-base,43,FedAvg,0.7230652119578529
ModernBERT-base,43,Local only,0.5294043920491673
ModernBERT-base,43,FedAvg + local FT,0.6698367532885722
ModernBERT-base,44,Central,0.7582095531875676
ModernBERT-base,44,FedAvg,0.7240790792597889
ModernBERT-base,44,Local only,0.5349437199989511
ModernBERT-base,44,FedAvg + local FT,0.6726982796846602
ModernBERT-large,42,Central,0.7598698128910513
ModernBERT-large,42,FedAvg,0.7223578022426744
ModernBERT-large,42,Local only,0.527080139920689
ModernBERT-large,42,FedAvg + local FT,0.6725316403649199
ModernBERT-large,43,Central,0.7689659050694401
ModernBERT-large,43,FedAvg,0.7335747387338286
ModernBERT-large,43,Local only,0.5327015868461888
ModernBERT-large,43,FedAvg + local FT,0.6832960522841983
ModernBERT-large,44,Central,0.7668778007819611
ModernBERT-large,44,FedAvg,0.7288515724064664
ModernBERT-large,44,Local only,0.5319131769743444
ModernBERT-large,44,FedAvg + local FT,0.6786000992475741
Qwen3-1.7B,42,Central,0.7818516249130374
Qwen3-1.7B,42,FedAvg,0.7355758927917913
Qwen3-1.7B,42,Local only,0.5469256256692421
Qwen3-1.7B,42,FedAvg + local FT,0.6968473452279749
Qwen3-1.7B,43,Central,0.7874552068084656
Qwen3-1.7B,43,FedAvg,0.7461963844733639
Qwen3-1.7B,43,FedAvg + local FT,0.7065536010456102
Qwen3-1.7B,44,Central,0.7827010156442402
Qwen3-1.7B,44,FedAvg,0.7489599623806708
Qwen3-1.7B,44,FedAvg + local FT,0.7030480834918473
