model,seed,vs,delta_own_auprc,lo,hi,publishers_gaining,publishers
ModernBERT-base,42,Central,0.03849281275040539,0.030201624256808352,0.0463304036921116,10,10
ModernBERT-base,42,FedAvg,0.058252110282420055,0.05020746450218243,0.06549001005936558,10,10
ModernBERT-base,42,Local only,0.022335146682794238,0.015361643582138547,0.029111018326471925,7,10
ModernBERT-base,42,Ditto,0.00797711438863491,0.0037138526948592805,0.01277814711518738,8,10
ModernBERT-base,42,FedPer,0.011816769618190115,0.006773780478059287,0.016847901606134582,9,10
ModernBERT-base,43,Central,0.025786797847525245,0.017479883233093362,0.0341449254248919,9,10
ModernBERT-base,43,FedAvg,0.05749810372512676,0.04800875542493887,0.06524700948905428,10,10
ModernBERT-base,43,Local only,0.00821682296019488,0.00022588435982239728,0.01625477702150006,8,10
ModernBERT-base,43,Ditto,0.004008684638796778,0.000496569506067507,0.007562299038329864,7,10
ModernBERT-base,43,FedPer,0.013316219344819968,0.00874963786637433,0.01873923233436874,9,10
ModernBERT-base,44,Central,0.028435940060992593,0.021054426607730208,0.03559029480189121,9,10
ModernBERT-base,44,FedAvg,0.052168746617295425,0.04494082458994898,0.059344233543929426,10,10
ModernBERT-base,44,Local only,0.006432647135602099,-0.000553878737475747,0.014119227269866757,6,10
ModernBERT-base,44,Ditto,0.0055158906196088875,0.002342744068422266,0.009270762053400643,7,10
ModernBERT-base,44,FedPer,0.011451259411287773,0.006652443402512612,0.016669881671246285,8,10
ModernBERT-large,42,Central,0.0270371383143706,0.01912288964431953,0.03344575471038926,9,10
ModernBERT-large,42,FedAvg,0.05839612836823138,0.050766584553297106,0.06546814759383393,10,10
ModernBERT-large,42,Local only,0.01798192486593264,0.011405360765625303,0.024172095231079542,7,10
ModernBERT-large,43,Central,0.032085276427914367,0.023745158400127052,0.03946013814160359,10,10
ModernBERT-large,43,FedAvg,0.06139953751541638,0.052688525940420235,0.06887851345167809,10,10
ModernBERT-large,43,Local only,0.018597790918867818,0.011630545471410694,0.025389695852336008,8,10
ModernBERT-large,44,Central,0.03024980083960216,0.023001963386940126,0.036885534845499654,10,10
ModernBERT-large,44,FedAvg,0.05564650823562367,0.04789399474640399,0.06277467113757154,10,10
ModernBERT-large,44,Local only,0.011939525044756483,0.005402503390530544,0.01874729870906956,8,10
Qwen3-1.7B,42,Central,0.023890641941163415,0.015854166735823936,0.03114828348206553,8,10
Qwen3-1.7B,42,FedAvg,0.05474014220706502,0.04707194655326911,0.06166129359052498,10,10
Qwen3-1.7B,42,Local only,-4.107066309888552e-05,-0.00632155042103014,0.006832533415118235,7,10
Qwen3-1.7B,43,Central,0.030999612991443715,0.02239172832446013,0.038269877596590354,9,10
Qwen3-1.7B,43,FedAvg,0.05093257336780599,0.043768653373657436,0.05715178308460633,10,10
Qwen3-1.7B,44,Central,0.02792770674807643,0.02012502140567342,0.035425990356967724,9,10
Qwen3-1.7B,44,FedAvg,0.045685824337074576,0.03856256511101253,0.052507710948460073,10,10
