model,seed,subset,pos_median_year,ctl_median_year,pos_share_elsevier,ctl_share_elsevier,roc_elsevier_only,roc_non_elsevier
ModernBERT-base,42,with abstract,2023.0,2019.0,0.14754098360655737,0.07976566020730058,0.8516949152542372,0.8265063474723122
ModernBERT-base,42,title only,2024.0,2018.0,0.8947368421052632,0.45675934803451584,0.9214173704746383,0.8447207024355806
ModernBERT-base,43,with abstract,2023.0,2019.0,0.14754098360655737,0.0819304152637486,0.8318112633181125,0.808376434079368
ModernBERT-base,43,title only,2024.0,2018.0,0.8947368421052632,0.4559615384615385,0.9057731907609099,0.8150185577942735
ModernBERT-base,44,with abstract,2023.0,2019.0,0.14754098360655737,0.08513483396478716,0.8263525305410122,0.8288625503607233
ModernBERT-base,44,title only,2024.0,2018.0,0.8947368421052632,0.4582441113490364,0.9159362661802188,0.8390450952209845
ModernBERT-large,42,with abstract,2023.0,2019.0,0.14754098360655737,0.07976566020730058,0.8162272441933459,0.8326113162058315
ModernBERT-large,42,title only,2024.0,2018.0,0.8947368421052632,0.45675934803451584,0.9180372400849508,0.7755471231909636
ModernBERT-large,43,with abstract,2023.0,2019.0,0.14754098360655737,0.0819304152637486,0.8123287671232876,0.8418751175474892
ModernBERT-large,43,title only,2024.0,2018.0,0.8947368421052632,0.4559615384615385,0.9219180291264544,0.8034088900671617
ModernBERT-large,44,with abstract,2023.0,2019.0,0.14754098360655737,0.08513483396478716,0.8121000581733566,0.8444181579687061
ModernBERT-large,44,title only,2024.0,2018.0,0.8947368421052632,0.4582441113490364,0.9197954670398321,0.8335878548329141
Qwen3-1.7B,42,with abstract,2023.0,2019.0,0.14754098360655737,0.07976566020730058,0.9042686754551161,0.8668820161229563
Qwen3-1.7B,42,title only,2024.0,2018.0,0.8947368421052632,0.45675934803451584,0.9086809156912136,0.8404076950229438
Qwen3-1.7B,43,with abstract,2023.0,2019.0,0.14754098360655737,0.0819304152637486,0.8651445966514459,0.8576429377468497
Qwen3-1.7B,43,title only,2024.0,2018.0,0.8947368421052632,0.4559615384615385,0.9131540427221079,0.8169737539766702
Qwen3-1.7B,44,with abstract,2023.0,2019.0,0.14754098360655737,0.08513483396478716,0.8568935427574171,0.8499016209125831
Qwen3-1.7B,44,title only,2024.0,2018.0,0.8947368421052632,0.4582441113490364,0.9389431006047277,0.8347332015810277
