model,seed,scores,pooled_auprc_all,pooled_auprc_no_hindawi,roc_no_hindawi,base_rate_no_hindawi,own_macro_no_hindawi
ModernBERT-base,42,Central,0.7435603040696959,0.7096713762578921,0.838925865760738,0.2731656,0.7304207109025674
ModernBERT-base,42,FedAvg,0.7130335051025787,0.673181840092106,0.8205277859927425,0.2731656,0.7099834695929627
ModernBERT-base,42,FedAvg + local FT,0.7785695383251199,0.7538005589581712,0.860655613302576,0.2731656,0.7709336161698955
ModernBERT-base,42,Local only,0.7669444004927137,0.7353320257338954,0.8494807817972811,0.2731656,0.7461132874193215
ModernBERT-base,42,Ditto,0.7696941265633777,0.7437138097756346,0.8554522663636379,0.2731656,0.7628332930764379
ModernBERT-base,42,FedPer,0.7630309100230889,0.7305595555275124,0.8504808645864161,0.2731656,0.758284609607665
ModernBERT-base,43,Central,0.7528733316199312,0.7232853324147164,0.8445969491761042,0.2731656,0.7391975511007314
ModernBERT-base,43,FedAvg,0.7235129430576335,0.688032935077918,0.8247379953540686,0.2731656,0.7047036158991398
ModernBERT-base,43,FedAvg + local FT,0.78470652789901,0.7571450406270193,0.861704132716296,0.2731656,0.7644279570115146
ModernBERT-base,43,Local only,0.7718453381057679,0.7457810772008607,0.8529973485340678,0.2731656,0.7557891946574176
ModernBERT-base,43,Ditto,0.7750315581326818,0.7508056647721747,0.8589876903181648,0.2731656,0.761345878644057
ModernBERT-base,43,FedPer,0.7625117560549353,0.7323318496655641,0.8481922444510803,0.2731656,0.7511234327345674
ModernBERT-base,44,Central,0.7587458697738796,0.726449319875872,0.8464080652666154,0.2731656,0.7301333251330105
ModernBERT-base,44,FedAvg,0.724534551623675,0.6893489402517657,0.8267694143841917,0.2731656,0.7057350981730971
ModernBERT-base,44,FedAvg + local FT,0.7863115572054091,0.7570761883120136,0.8639666944733382,0.2731656,0.7592001319375243
ModernBERT-base,44,Local only,0.7731083080552429,0.7426331877000135,0.8527502677918609,0.2731656,0.7528763232300689
ModernBERT-base,44,Ditto,0.7768154475840012,0.7481336917663653,0.8580667026969113,0.2731656,0.7537432587269175
ModernBERT-base,44,FedPer,0.7675819575823155,0.7368374246532579,0.851657960341348,0.2731656,0.7476137733454487
ModernBERT-large,42,Central,0.7603087520309466,0.7288511240989864,0.8516632245903211,0.2731656,0.7498439308517191
ModernBERT-large,42,FedAvg,0.7228283436635695,0.684663781253651,0.8284293199381694,0.2731656,0.7163606762799593
ModernBERT-large,42,FedAvg + local FT,0.7834060805220234,0.7589231266970109,0.8653597143642027,0.2731656,0.778326786842322
ModernBERT-large,42,Local only,0.7717128854076488,0.7428745860888974,0.8552505646927361,0.2731656,0.7583394760215436
ModernBERT-large,43,Central,0.769402344329315,0.7392002440614088,0.8533151749717378,0.2731656,0.7485153268157408
ModernBERT-large,43,FedAvg,0.733964490180884,0.6964510601191314,0.8327740547262746,0.2731656,0.7169021415762438
ModernBERT-large,43,FedAvg + local FT,0.7941434901690275,0.7692483506193043,0.8694053692517169,0.2731656,0.7825428974374532
ModernBERT-large,43,Local only,0.7765423206800104,0.7449675610243368,0.8550670699906873,0.2731656,0.7613674222072311
ModernBERT-large,44,Central,0.767429296968329,0.7356388614563805,0.8550963865309604,0.2731656,0.7376415386600994
ModernBERT-large,44,FedAvg,0.7292213644308787,0.6958030600750191,0.8347108210380031,0.2731656,0.7117137316965705
ModernBERT-large,44,FedAvg + local FT,0.7932863330905235,0.7657471109971961,0.8707265435580425,0.2731656,0.7691059855775522
ModernBERT-large,44,Local only,0.7710333029111451,0.7493882253465539,0.8597623719397074,0.2731656,0.759685027979514
Qwen3-1.7B,42,Central,0.782228038150657,0.7559257746538772,0.8667902895870969,0.2731656,0.7661174715133653
Qwen3-1.7B,42,FedAvg,0.7357867123524358,0.70391735272722,0.84269215574053,0.2731656,0.7333172919839324
Qwen3-1.7B,42,FedAvg + local FT,0.8022090835554037,0.7813462774736692,0.879233735919483,0.2731656,0.7912641654175867
Qwen3-1.7B,42,Local only,0.7977261689809599,0.7744805458066147,0.8748337299759315,0.2731656,0.7907162774750501
Qwen3-1.7B,43,Central,0.7877966864545634,0.7611034956196924,0.868660481480801,0.2731656,0.763271777113191
Qwen3-1.7B,43,FedAvg,0.7463973512320945,0.7164229739408733,0.846552877077393,0.2731656,0.7437458021637607
Qwen3-1.7B,43,FedAvg + local FT,0.8089680416137845,0.7859675247137539,0.880664829957979,0.2731656,0.7962758707912928
Qwen3-1.7B,44,Central,0.7831587364070733,0.7548242333554858,0.8672112427313242,0.2731656,0.7579906820133613
Qwen3-1.7B,44,FedAvg,0.749286920234907,0.7165402864830012,0.8499608245797843,0.2731656,0.7394680603076169
Qwen3-1.7B,44,FedAvg + local FT,0.8064090744953396,0.7819705834545102,0.8814674584466058,0.2731656,0.787060854687616
