regime,seed,model,view,silo,auprc,roc_auc,recall_at_5fpr,best_round,gpu_hours,tokens_seen
fedavg,44,fl_fedavg_lora,pooled,ALL,0.749286920234907,0.860222865032695,0.46963677639046536,5.0,4.33,258659358
fedavg,44,fl_fedavg_lora,own_silo,Elsevier BV,0.6345532737336185,0.7893738927486491,0.3475783475783476,5.0,4.33,258659358
fedavg,44,fl_fedavg_lora,own_silo,Hindawi Publishing Corporation,0.8380486398234266,0.8959461242201499,0.5119825708061002,5.0,4.33,258659358
fedavg,44,fl_fedavg_lora,own_silo,IOS Press,0.6657194047603349,0.8785743310510169,0.3036144578313253,5.0,4.33,258659358
fedavg,44,fl_fedavg_lora,own_silo,Other,0.7144231144680305,0.8513105958982283,0.4644091223220456,5.0,4.33,258659358
fedavg,44,fl_fedavg_lora,own_silo,Public Library of Science,0.6923967500295847,0.8595075511037077,0.41295546558704455,5.0,4.33,258659358
fedavg,44,fl_fedavg_lora,own_silo,SAGE Publishing,0.8775292461914841,0.936498671189886,0.757847533632287,5.0,4.33,258659358
fedavg,44,fl_fedavg_lora,own_silo,Spandidos Publishing,0.5849106196123298,0.8309122655434352,0.2695035460992908,5.0,4.33,258659358
fedavg,44,fl_fedavg_lora,own_silo,Springer Science+Business Media,0.77088472286492,0.8714129612392973,0.5514541387024608,5.0,4.33,258659358
fedavg,44,fl_fedavg_lora,own_silo,Taylor & Francis,0.8073471856920047,0.9095798417047626,0.5515695067264574,5.0,4.33,258659358
fedavg,44,fl_fedavg_lora,own_silo,Wiley,0.9074482254162456,0.9373644620609584,0.7609841827768014,5.0,4.33,258659358
fedavg,44,fl_fedavg_lora,prospective,ALL,0.26483082854817225,0.8874554127201559,0.5633802816901409,5.0,4.33,258659358
fedavg,44,fl_fedavg_lora_ft,pooled,Elsevier BV,0.7242796963299662,0.8491982268004918,0.42948354143019296,,4.33,258659358
fedavg,44,fl_fedavg_lora_ft,own_silo,Elsevier BV,0.6774201006188662,0.8095043470896297,0.4226020892687559,,4.33,258659358
fedavg,44,fl_fedavg_lora_ft,out_silo,Elsevier BV,0.7389419806455667,0.857831459705711,0.4341951626355296,,4.33,258659358
fedavg,44,fl_fedavg_lora_ft,pooled,Hindawi Publishing Corporation,0.7144760206953571,0.83219430645809,0.4223893303064699,,4.33,258659358
fedavg,44,fl_fedavg_lora_ft,own_silo,Hindawi Publishing Corporation,0.8665717337741806,0.9182749574452551,0.5762527233115469,,4.33,258659358
fedavg,44,fl_fedavg_lora_ft,out_silo,Hindawi Publishing Corporation,0.6521494916974746,0.8036052869717129,0.3668457405986186,,4.33,258659358
fedavg,44,fl_fedavg_lora_ft,pooled,IOS Press,0.5728742215711977,0.7814950275618522,0.23864926220204313,,4.33,258659358
fedavg,44,fl_fedavg_lora_ft,own_silo,IOS Press,0.8420176182053369,0.932313740628619,0.6144578313253012,,4.33,258659358
fedavg,44,fl_fedavg_lora_ft,out_silo,IOS Press,0.5570208466140654,0.7716421078648119,0.2259912558420021,,4.33,258659358
fedavg,44,fl_fedavg_lora_ft,pooled,Other,0.72742034882043,0.8480183654214594,0.4274971623155505,,4.33,258659358
fedavg,44,fl_fedavg_lora_ft,own_silo,Other,0.7344323762352556,0.8580453693374088,0.5058742225293711,,4.33,258659358
fedavg,44,fl_fedavg_lora_ft,out_silo,Other,0.729385448967504,0.8471339793422205,0.42010355293697554,,4.33,258659358
fedavg,44,fl_fedavg_lora_ft,pooled,Public Library of Science,0.7360916761978267,0.8527215850349033,0.4448070374574347,,4.33,258659358
fedavg,44,fl_fedavg_lora_ft,own_silo,Public Library of Science,0.7443501364955347,0.8876656113139693,0.5182186234817814,,4.33,258659358
fedavg,44,fl_fedavg_lora_ft,out_silo,Public Library of Science,0.7370814713755117,0.8518513109252055,0.4440523452433466,,4.33,258659358
fedavg,44,fl_fedavg_lora_ft,pooled,SAGE Publishing,0.7301141443209589,0.8485529863219338,0.43033484676503975,,4.33,258659358
fedavg,44,fl_fedavg_lora_ft,own_silo,SAGE Publishing,0.8869016607992599,0.943122120053015,0.7757847533632287,,4.33,258659358
fedavg,44,fl_fedavg_lora_ft,out_silo,SAGE Publishing,0.7274172020492401,0.8450755735608596,0.4208058608058608,,4.33,258659358
fedavg,44,fl_fedavg_lora_ft,pooled,Spandidos Publishing,0.7375386321498361,0.8508943430012875,0.4598467650397276,,4.33,258659358
fedavg,44,fl_fedavg_lora_ft,own_silo,Spandidos Publishing,0.6245017400242414,0.8402545271267596,0.36879432624113473,,4.33,258659358
fedavg,44,fl_fedavg_lora_ft,out_silo,Spandidos Publishing,0.7441497502837666,0.8527936790185718,0.46822064572173155,,4.33,258659358
fedavg,44,fl_fedavg_lora_ft,pooled,Springer Science+Business Media,0.7367803125706148,0.8553167353713834,0.4504824063564132,,4.33,258659358
fedavg,44,fl_fedavg_lora_ft,own_silo,Springer Science+Business Media,0.7921026698339285,0.881354655983569,0.5838926174496645,,4.33,258659358
fedavg,44,fl_fedavg_lora_ft,out_silo,Springer Science+Business Media,0.7301222088180933,0.8511645714159768,0.42037699057523564,,4.33,258659358
fedavg,44,fl_fedavg_lora_ft,pooled,Taylor & Francis,0.6893439835602331,0.8260064290723482,0.36748013620885356,,4.33,258659358
fedavg,44,fl_fedavg_lora_ft,own_silo,Taylor & Francis,0.8653206246612976,0.9333277612634547,0.7354260089686099,,4.33,258659358
fedavg,44,fl_fedavg_lora_ft,out_silo,Taylor & Francis,0.6871282642494672,0.8225964411696712,0.3676190476190476,,4.33,258659358
fedavg,44,fl_fedavg_lora_ft,pooled,Wiley,0.7428630189375419,0.8565271753882879,0.45786038592508516,,4.33,258659358
fedavg,44,fl_fedavg_lora_ft,own_silo,Wiley,0.9165007653148234,0.9465520885509711,0.7908611599297012,,4.33,258659358
fedavg,44,fl_fedavg_lora_ft,out_silo,Wiley,0.7270841702177847,0.8490746434784935,0.44296959407315945,,4.33,258659358
fedavg,44,fl_fedavg_lora_ft,pooled_personal,ALL,0.8064090744953396,0.891815510911365,0.5696651532349603,,4.33,258659358
