regime,seed,model,view,silo,auprc,roc_auc,recall_at_5fpr,best_epoch,sigma,epsilon,delta,gpu_hours,tokens_seen
dpsgd_central,42,dpsgd_central_lora,pooled,ALL,0.6126627946066199,0.7722484196381566,0.3253405221339387,2,0.7861328125,3.0,1e-05,2.29,70938341
dpsgd_central,42,dpsgd_central_lora,own_silo,Elsevier BV,0.518148205450325,0.6906506333894248,0.23741690408357075,2,0.7861328125,3.0,1e-05,2.29,70938341
dpsgd_central,42,dpsgd_central_lora,own_silo,Hindawi Publishing Corporation,0.6436127679059229,0.778505355045539,0.2690631808278867,2,0.7861328125,3.0,1e-05,2.29,70938341
dpsgd_central,42,dpsgd_central_lora,own_silo,IOS Press,0.5100338269508149,0.7864655925557205,0.20481927710843373,2,0.7861328125,3.0,1e-05,2.29,70938341
dpsgd_central,42,dpsgd_central_lora,own_silo,Other,0.5756265572309877,0.7359487124879133,0.33033863165169314,2,0.7861328125,3.0,1e-05,2.29,70938341
dpsgd_central,42,dpsgd_central_lora,own_silo,Public Library of Science,0.6294452070374196,0.799710973094022,0.38461538461538464,2,0.7861328125,3.0,1e-05,2.29,70938341
dpsgd_central,42,dpsgd_central_lora,own_silo,SAGE Publishing,0.7591911500508153,0.8462254238801254,0.5829596412556054,2,0.7861328125,3.0,1e-05,2.29,70938341
dpsgd_central,42,dpsgd_central_lora,own_silo,Spandidos Publishing,0.6030128613940153,0.8068095906685386,0.2765957446808511,2,0.7861328125,3.0,1e-05,2.29,70938341
dpsgd_central,42,dpsgd_central_lora,own_silo,Springer Science+Business Media,0.6916977011351679,0.8059250096615991,0.4899328859060403,2,0.7861328125,3.0,1e-05,2.29,70938341
dpsgd_central,42,dpsgd_central_lora,own_silo,Taylor & Francis,0.6362646258160617,0.7980136782202324,0.36771300448430494,2,0.7861328125,3.0,1e-05,2.29,70938341
dpsgd_central,42,dpsgd_central_lora,own_silo,Wiley,0.8341274869178603,0.8697742795679001,0.6660808435852372,2,0.7861328125,3.0,1e-05,2.29,70938341
dpsgd_central,42,dpsgd_central_lora,prospective,ALL,0.15134186118492585,0.8256729159097683,0.4460093896713615,2,0.7861328125,3.0,1e-05,2.29,70938341
