regime,seed,model,view,silo,auprc,roc_auc,recall_at_5fpr,best_round,epsilon,delta,gpu_hours,tokens_seen
dpsgd_fedavg,42,dpsgd_fedavg_lora,pooled,ALL,0.5422975678162849,0.7219698927759488,0.24588535754824065,5,8.0,1e-05,3.76,112589520
dpsgd_fedavg,42,dpsgd_fedavg_lora,own_silo,Elsevier BV,0.5129889893456674,0.6818353159727429,0.24406457739791074,5,8.0,1e-05,3.76,112589520
dpsgd_fedavg,42,dpsgd_fedavg_lora,own_silo,Hindawi Publishing Corporation,0.5395396351815736,0.7230192031087698,0.13344226579520696,5,8.0,1e-05,3.76,112589520
dpsgd_fedavg,42,dpsgd_fedavg_lora,own_silo,IOS Press,0.41843967980281094,0.6882098376643165,0.13975903614457832,5,8.0,1e-05,3.76,112589520
dpsgd_fedavg,42,dpsgd_fedavg_lora,own_silo,Other,0.5550015604814884,0.7051288762757737,0.3213545266067726,5,8.0,1e-05,3.76,112589520
dpsgd_fedavg,42,dpsgd_fedavg_lora,own_silo,Public Library of Science,0.5680481855851401,0.7272225838122869,0.3319838056680162,5,8.0,1e-05,3.76,112589520
dpsgd_fedavg,42,dpsgd_fedavg_lora,own_silo,SAGE Publishing,0.6659808681274361,0.7676127428426236,0.4798206278026906,5,8.0,1e-05,3.76,112589520
dpsgd_fedavg,42,dpsgd_fedavg_lora,own_silo,Spandidos Publishing,0.5901781513656779,0.7983223530258846,0.2765957446808511,5,8.0,1e-05,3.76,112589520
dpsgd_fedavg,42,dpsgd_fedavg_lora,own_silo,Springer Science+Business Media,0.5782341344046545,0.755995407792057,0.3422818791946309,5,8.0,1e-05,3.76,112589520
dpsgd_fedavg,42,dpsgd_fedavg_lora,own_silo,Taylor & Francis,0.4706159378197782,0.6298631451185033,0.22869955156950672,5,8.0,1e-05,3.76,112589520
dpsgd_fedavg,42,dpsgd_fedavg_lora,own_silo,Wiley,0.7628861258366182,0.8276391715863259,0.5518453427065027,5,8.0,1e-05,3.76,112589520
dpsgd_fedavg,42,dpsgd_fedavg_lora,prospective,ALL,0.12579851369071193,0.799721218293566,0.39436619718309857,5,8.0,1e-05,3.76,112589520
