seed,n_train,auprc,roc_auc,recall_at_5fpr
42,500,0.4118309415025101,0.6464407214042037,0.15166002656042496
42,2000,0.4950848910923008,0.7023202264783663,0.21447543160690571
42,8000,0.5699522052577255,0.7573910292684616,0.28419654714475434
42,32000,0.6121670294121598,0.7890864532750157,0.32788844621513946
42,110829,0.6282704071843137,0.7997702979998597,0.3411686586985392
43,500,0.40276273986900313,0.638973010722498,0.13864541832669322
43,2000,0.5019604836982476,0.7130258527787945,0.21899070385126163
43,8000,0.5792815555756292,0.766704234043441,0.29774236387782205
43,32000,0.6227542390759709,0.7966887101871695,0.33957503320053123
43,110829,0.6386433758121226,0.8072555747867881,0.35776892430278884
44,500,0.39576457700820544,0.6339379555159611,0.13373173970783533
44,2000,0.49799844697364404,0.7138459509831293,0.21221779548472774
44,8000,0.5705573222286249,0.760543368535308,0.2800796812749004
44,32000,0.6179522662121567,0.7945067254686937,0.32629482071713145
44,110829,0.6330459842472108,0.8055204167635798,0.3459495351925631
