seed,model,auprc,roc_auc,recall_at_5fpr,n_train,n_test
42,central_rf,0.3850924961403289,0.6402382514283683,0.11183509548397673,52506,86031
42,central_xgb,0.44087953524238205,0.685333998605883,0.13687402671912138,52506,86031
42,central_mlp,0.43053555722330217,0.6870487981089664,0.1333497254323416,52506,86031
42,fl_fedavg,0.39968030450534375,0.6420189691580551,0.12744856978936153,52506,86031
43,central_rf,0.3852739567474074,0.6431631265774551,0.113679206622408,52506,86031
43,central_xgb,0.4370154904151299,0.6849306680959704,0.13355462666994508,52506,86031
43,central_mlp,0.4213820361447932,0.6772847592475923,0.12556347840340956,52506,86031
43,fl_fedavg,0.41301911701471183,0.6538837329475002,0.13384148840258994,52506,86031
44,central_rf,0.38456981174754556,0.6420571672517907,0.10847471518727973,52506,86031
44,central_xgb,0.4299016497369458,0.6770231018067909,0.13162855503647242,52506,86031
44,central_mlp,0.4193972282348629,0.6756597054825035,0.12753053028440292,52506,86031
44,fl_fedavg,0.4083915208668559,0.6552679006696996,0.12052290795836407,52506,86031
