silo,n_test,auprc_local,auprc_fed,pos_rate
Elsevier BV,4307,0.7078180324947184,0.5781890499111824,0.2730438709259033
Hindawi Publishing Corporation,5539,0.7333638515149548,0.619727511814969,0.3329120874404907
IOS Press,1647,0.7295858581145084,0.4812023764186393,0.2489374577999115
Other,6120,0.5572568176190165,0.49983873388315475,0.2513071894645691
Public Library of Science,1021,0.3856623801473388,0.4186564411648369,0.24583742022514343
SAGE Publishing,970,0.7371946338038925,0.5719969429814118,0.24742268025875092
Spandidos Publishing,543,0.4251417287593886,0.448740069679894,0.2559852600097656
Springer Science+Business Media,3966,0.6345456529677127,0.5218219199565358,0.2589510977268219
Taylor & Francis,935,0.6811877122549236,0.5574882007009831,0.2695187032222748
Wiley,2660,0.7032922905638612,0.648446871818516,0.2454887181520462
