seed,sigma,epsilon,round,auprc,roc_auc,recall_at_5fpr
42,0.0,inf,50,0.5340990157026996,0.7440451561448395,0.25152722443559095
42,0.3,365.1687424750462,50,0.5059507876305669,0.7283093416797672,0.22722443559096944
42,0.5,150.68496631292209,50,0.4897862544028394,0.7166155512091127,0.2140770252324037
42,1.0,49.40596805307984,50,0.3543276251475377,0.6019208789449859,0.10557768924302789
42,2.0,18.021460917862246,50,0.27229736544648575,0.5034133496081423,0.05590969455511288
43,0.0,inf,50,0.5462371288840209,0.7531715803716116,0.26799468791500664
43,0.3,365.1687424750462,50,0.5192454697119786,0.7350662931253148,0.23705179282868527
43,0.5,150.68496631292209,50,0.48420142844056463,0.7095886879021068,0.20398406374501993
43,1.0,49.40596805307984,50,0.3506935098047142,0.5943534054221545,0.1196547144754316
43,2.0,18.021460917862246,50,0.27408173024629706,0.5152558004016577,0.04355909694555113
44,0.0,inf,50,0.5408491759499288,0.7449111506529471,0.2642762284196547
44,0.3,365.1687424750462,50,0.5178789936694884,0.7330281378862256,0.24063745019920318
44,0.5,150.68496631292209,50,0.4800875690271099,0.7052824154533286,0.20810092961487384
44,1.0,49.40596805307984,50,0.3193992806354324,0.5764160130219532,0.061752988047808766
44,2.0,18.021460917862246,50,0.2728930414084666,0.5017431348383187,0.015537848605577689
