model,arena,acc,f1,auc,acc_std
A_baseline_hisfeat_RF,HP,0.8611111111111112,0.8648648648648649,0.9444444444444444,
A_baseline_hisfeat_RF,CV,0.9248554913294799,0.9189362856579882,0.98217972888051,0.008174644869208663
B_gap34_profiles_XGB,HP,0.9166666666666666,0.9142857142857143,0.9845679012345678,
B_gap34_profiles_XGB,CV,0.9190751445086706,0.9125621567975276,0.9823143908788939,0.008174644869208663
C_gap347_XGB,HP,0.8888888888888888,0.8888888888888888,0.9814814814814814,
C_gap347_XGB,CV,0.9210019267822736,0.9143554917839453,0.9824490528772779,0.015171498793857055
D0_abstractonly_head,HP,0.5277777777777778,0.5142857142857142,0.5185185185185185,
D0_abstractonly_head,CV,0.5626204238921002,0.5259506613859336,0.5776101984020109,0.0027248816230695722
D_gap1_section_attn,HP,0.5833333333333334,0.5714285714285714,0.5061728395061728,
D_gap1_section_attn,CV,0.5472061657032755,0.49023826006548904,0.5554807433342311,0.01441871825346417
E_unified,HP,0.5555555555555556,0.5294117647058824,0.5462962962962963,
E_unified,CV,0.5645472061657033,0.4905239873727269,0.5988419068138972,0.015171498793857088
LOO_minus_gap34,HP,0.5833333333333334,0.5454545454545454,0.558641975308642,
LOO_minus_gap34,CV,0.5394990366088632,0.48430539321673965,0.5608223359367986,0.03573648745855766
LOO_minus_gap7,HP,0.5555555555555556,0.5294117647058824,0.5185185185185185,
LOO_minus_gap7,CV,0.556840077071291,0.48478252115999454,0.578328395726726,0.014418718253464122
LOO_minus_gap1_XGB,HP,0.8888888888888888,0.8888888888888888,0.9814814814814814,
LOO_minus_gap1_XGB,CV,0.9210019267822736,0.9143554917839453,0.9824490528772779,0.015171498793857055
N_A_faithful_baseline_RF,HP,0.8888888888888888,0.8947368421052632,0.941358024691358
N_D0_abs_meanpool,HP,0.5,0.4375,0.4783950617283951,
N_D0_abs_meanpool,CV,0.5452793834296724,0.4947121622640454,0.5574333423107999,0.04014001282466218
N_D_section_meanpool,HP,0.5,0.4,0.45679012345679015,
N_D_section_meanpool,CV,0.5279383429672447,0.4923354684639647,0.5125011221833199,0.014418718253464122
N_E_unified_meanpool,HP,0.5,0.4375,0.5246913580246914,
N_E_unified_meanpool,CV,0.514450867052023,0.4657066371272962,0.5170122991291858,0.017016880281941895
N_FT_flat128_s42,HP,0.4722222222222222,0.3870967741935484,0.40740740740740744
N_FT_full512_s42,HP,0.4722222222222222,0.17391304347826086,0.4907407407407407
N_FT_flat128_s43,HP,0.4166666666666667,0.5714285714285714,0.3796296296296296
N_FT_full512_s43,HP,0.4722222222222222,0.45714285714285713,0.4320987654320988
L_baseline_RF,HP,0.8888888888888888,0.8947368421052632,0.941358024691358,
L_baseline_RF,CV,0.9325626204238922,,,0.0054497632461390924
L_baseline_XGB,HP,0.8055555555555556,0.8,0.9382716049382716,
L_baseline_XGB,CV,0.9171483622350675,,,0.013624408115347703
L_profiles_RF,HP,0.8888888888888888,0.8823529411764706,0.970679012345679,
L_profiles_RF,CV,0.9229287090558768,,,0.010899526492278185
L_profiles_XGB,HP,0.9166666666666666,0.9142857142857143,0.9845679012345678,
L_profiles_XGB,CV,0.9190751445086706,,,0.008174644869208663
L_connectivity_RF,HP,0.8888888888888888,0.8888888888888888,0.9475308641975309,
L_connectivity_RF,CV,0.9171483622350675,,,0.009824700411546794
L_connectivity_XGB,HP,0.8055555555555556,0.8,0.9351851851851852,
L_connectivity_XGB,CV,0.9152215799614645,,,0.015171498793857036
L_full_fusion_RF,HP,0.8888888888888888,0.8888888888888888,0.9660493827160493,
L_full_fusion_RF,CV,0.9210019267822737,,,0.011877483628071216
L_full_fusion_XGB,HP,0.9166666666666666,0.9142857142857143,0.9783950617283951,
L_full_fusion_XGB,CV,0.9210019267822737,,,0.00720935912673208
