seed,model,auprc,roc_auc,recall_at_5fpr,round
42,central_logreg,0.34961701774881815,0.5963663533989723,0.10743691899070384,
42,central_rf,0.597051479401296,0.7801584819410039,0.31752988047808767,
42,central_xgb,0.6282652153734504,0.8000430728271373,0.3455511288180611,
42,central_mlp,0.5994476384291816,0.7838148282411372,0.3118193891102258,
42,local_only_avg,0.31079730513958725,0.5545845260712198,0.07200531208499336,
42,fl_fedavg,0.5479553309284174,0.7577928547481202,0.2699867197875166,50.0
42,fl_fedprox,0.5451616771785658,0.7568851135912951,0.2686586985391766,50.0
42,fl_fedbal,0.5299873903835539,0.743136454084544,0.24794156706507303,50.0
43,central_logreg,0.3586813140396484,0.6062556856197636,0.11301460823373174,
43,central_rf,0.6002743629982713,0.7868211825773196,0.31739707835325365,
43,central_xgb,0.6372692670992748,0.8066679395346884,0.3553784860557769,
43,central_mlp,0.6178976029214626,0.7953660890847025,0.3346613545816733,
43,local_only_avg,0.3169600804301367,0.5613018869774807,0.07804780876494025,
43,fl_fedavg,0.5704343919859634,0.7726837915460767,0.29163346613545815,50.0
43,fl_fedprox,0.5690757341838848,0.7707808768889158,0.2853917662682603,50.0
43,fl_fedbal,0.5516594506975652,0.7535382374424067,0.26746347941567067,50.0
44,central_logreg,0.35432002482698277,0.5991907349950645,0.1050464807436919,
44,central_rf,0.5981512601301199,0.7855399296855595,0.3197875166002656,
44,central_xgb,0.6336658442242187,0.8057411119390677,0.35312084993359893,
44,central_mlp,0.6106354469707357,0.7912842336669774,0.31992031872509963,
44,local_only_avg,0.3162473494750889,0.5592440213704932,0.07642762284196547,
44,fl_fedavg,0.5558994765195416,0.7650110266963994,0.25883134130146085,50.0
44,fl_fedprox,0.553511120497043,0.7602390188148849,0.2617529880478088,50.0
44,fl_fedbal,0.5438036711928471,0.7471011549664822,0.25258964143426293,50.0
