seed,exp,model,k,n_clients,auprc,roc_auc,recall_at_5fpr,q,rounds,sigma,epsilon,delta
44,ksweep,fl_fedavg,5.0,5,0.4822302857548196,0.6877984990998938,0.1984960272417707,,,,,
44,ksweep,fl_fedavg,10.0,10,0.48666960476479887,0.6857893256728449,0.2017593643586833,,,,,
44,ksweep,fl_fedavg,15.0,15,0.48499330071097685,0.6830086085191658,0.20204313280363223,,,,,
44,ksweep,fl_fedavg,20.0,20,0.4908753587762261,0.6855209533502422,0.20786038592508513,,,,,
44,journal,fl_fedavg,,231,0.3901088446593959,0.6166494809025643,0.11251418842224745,1.0,50.0,,,
44,journal,fl_fedavg,,231,0.411912661872606,0.6350188951663734,0.1336549375709421,0.1,200.0,,,
44,dp_publisher,dp_fedavg,,10,0.45921107338183836,0.6679060394535083,0.17508513053348468,1.0,50.0,0.0,inf,0.001
44,dp_publisher,dp_fedavg,,10,0.4600658239970956,0.6625766437702063,0.18430760499432464,1.0,50.0,0.3,365.1687424750462,0.001
44,dp_publisher,dp_fedavg,,10,0.44611718716219695,0.6506271989179007,0.16174801362088537,1.0,50.0,0.5,150.68496631292209,0.001
44,dp_publisher,dp_fedavg,,10,0.4104381398145851,0.6176359048746392,0.14770147559591373,1.0,50.0,1.0,49.40596805307984,0.001
44,dp_publisher,dp_fedavg,,10,0.29668856852237696,0.512485400795406,0.051929625425652666,1.0,50.0,2.0,18.021460917862246,0.001
44,dp_journal,dp_fedavg,,231,0.3689646031225558,0.6169706346488666,0.07335414301929626,0.1,200.0,0.0,inf,1e-05
44,dp_journal,dp_fedavg,,231,0.3747562189148632,0.6026233135741548,0.10811577752553916,0.1,200.0,0.5,50.301726361194156,1e-05
44,dp_journal,dp_fedavg,,231,0.3313996522925329,0.5666939686306883,0.062145289443813846,0.1,200.0,1.0,11.01567128229855,1e-05
44,dp_journal,dp_fedavg,,231,0.30904545755979557,0.5299381912234544,0.05987514188422247,0.1,200.0,2.0,3.6797458455819227,1e-05
44,dp_journal,dp_fedavg,,231,0.3145194105155321,0.5349723124482825,0.06058456299659478,0.1,200.0,4.0,1.5568078922121804,1e-05
42,ksweep,fl_fedavg,5.0,5,0.46923651590695026,0.6802269424582661,0.18175368898978433,,,,,
42,ksweep,fl_fedavg,10.0,10,0.48471709754338477,0.6859985864157893,0.19707718501702612,,,,,
42,ksweep,fl_fedavg,15.0,15,0.4796903743712748,0.6782385915883606,0.19764472190692395,,,,,
42,ksweep,fl_fedavg,20.0,20,0.4811076976156059,0.6781571786351116,0.19594211123723043,,,,,
42,journal,fl_fedavg,,227,0.4140264181427591,0.6327444713625552,0.13791146424517595,1.0,50.0,,,
42,journal,fl_fedavg,,227,0.4342136399294705,0.6431637478663964,0.155788876276958,0.1,200.0,,,
42,dp_publisher,dp_fedavg,,10,0.4508291012628026,0.6598735521565416,0.16543700340522133,1.0,50.0,0.0,inf,0.001
42,dp_publisher,dp_fedavg,,10,0.4328250658300134,0.6542433693156762,0.13521566401816118,1.0,50.0,0.3,365.1687424750462,0.001
42,dp_publisher,dp_fedavg,,10,0.41431075975128817,0.639653345707193,0.12797956867196367,1.0,50.0,0.5,150.68496631292209,0.001
42,dp_publisher,dp_fedavg,,10,0.36889032454397697,0.5849531987457008,0.10598751418842224,1.0,50.0,1.0,49.40596805307984,0.001
42,dp_publisher,dp_fedavg,,10,0.28626112265228437,0.49317352448624274,0.04738933030646992,1.0,50.0,2.0,18.021460917862246,0.001
42,dp_journal,dp_fedavg,,227,0.36126852683542154,0.6076282035272073,0.077894438138479,0.1,200.0,0.0,inf,1e-05
42,dp_journal,dp_fedavg,,227,0.3269891198528596,0.5710764863584111,0.057037457434733256,0.1,200.0,0.5,50.301726361194156,1e-05
42,dp_journal,dp_fedavg,,227,0.29547404077365297,0.5194670739874873,0.04355845629965948,0.1,200.0,1.0,11.01567128229855,1e-05
42,dp_journal,dp_fedavg,,227,0.31098320164334037,0.5209224019002463,0.06923950056753689,0.1,200.0,2.0,3.6797458455819227,1e-05
42,dp_journal,dp_fedavg,,227,0.2826637600526991,0.4820133979126999,0.04866628830874007,0.1,200.0,4.0,1.5568078922121804,1e-05
48,ksweep,fl_fedavg,5.0,5,0.46734415932163803,0.6761981617325683,0.1851589103291714,,,,,
48,ksweep,fl_fedavg,10.0,10,0.4794782168633368,0.6805324166424032,0.19225312145289444,,,,,
48,ksweep,fl_fedavg,15.0,15,0.4792222244373971,0.6782137721189861,0.19225312145289444,,,,,
48,ksweep,fl_fedavg,20.0,20,0.4727909665633876,0.67485158844604,0.18288876276958002,,,,,
48,journal,fl_fedavg,,223,0.4131388318601414,0.6316527967376652,0.13706015891032916,1.0,50.0,,,
48,journal,fl_fedavg,,223,0.41505257001848944,0.6379625532456079,0.1308172531214529,0.1,200.0,,,
48,dp_publisher,dp_fedavg,,10,0.4319227657954948,0.6560481620940566,0.14401248581157775,1.0,50.0,0.0,inf,0.001
48,dp_publisher,dp_fedavg,,10,0.44093467097281,0.6565986720556929,0.15749148694665152,1.0,50.0,0.3,365.1687424750462,0.001
48,dp_publisher,dp_fedavg,,10,0.43565497455207847,0.6489809188313802,0.1503972758229285,1.0,50.0,0.5,150.68496631292209,0.001
48,dp_publisher,dp_fedavg,,10,0.402637633788411,0.5997314099627535,0.14912031782065835,1.0,50.0,1.0,49.40596805307984,0.001
48,dp_publisher,dp_fedavg,,10,0.2994663682040773,0.5108214159897522,0.06725312145289444,1.0,50.0,2.0,18.021460917862246,0.001
48,dp_journal,dp_fedavg,,223,0.37824126805959263,0.6167387603377485,0.09350170261066969,0.1,200.0,0.0,inf,1e-05
48,dp_journal,dp_fedavg,,223,0.34509825560495716,0.5788309890258674,0.077894438138479,0.1,200.0,0.5,50.301726361194156,1e-05
48,dp_journal,dp_fedavg,,223,0.32073223001983386,0.5357361293589759,0.07477298524404086,0.1,200.0,1.0,11.01567128229855,1e-05
48,dp_journal,dp_fedavg,,223,0.2731287052038647,0.4753091671174318,0.03532917139614075,0.1,200.0,2.0,3.6797458455819227,1e-05
48,dp_journal,dp_fedavg,,223,0.2738392226696071,0.4773983732690454,0.039301929625425655,0.1,200.0,4.0,1.5568078922121804,1e-05
51,ksweep,fl_fedavg,5.0,5,0.4690342007049765,0.678659339514567,0.1807604994324631,,,,,
51,ksweep,fl_fedavg,10.0,10,0.4776253685863178,0.6818922006891942,0.18927355278093075,,,,,
51,ksweep,fl_fedavg,15.0,15,0.4714899929674978,0.6763041066075491,0.18090238365493758,,,,,
51,ksweep,fl_fedavg,20.0,20,0.47746713589058215,0.6778253404399774,0.19296254256526674,,,,,
51,journal,fl_fedavg,,232,0.3833243638096019,0.6160560688326616,0.10300794551645857,1.0,50.0,,,
51,journal,fl_fedavg,,232,0.38225993977736517,0.6196591434892312,0.10059591373439274,0.1,200.0,,,
51,dp_publisher,dp_fedavg,,10,0.448662628637163,0.6602840428475564,0.16174801362088537,1.0,50.0,0.0,inf,0.001
51,dp_publisher,dp_fedavg,,10,0.4462775013141736,0.6579897371781686,0.1583427922814983,1.0,50.0,0.3,365.1687424750462,0.001
51,dp_publisher,dp_fedavg,,10,0.4285526825150676,0.6403966481475031,0.14486379114642453,1.0,50.0,0.5,150.68496631292209,0.001
51,dp_publisher,dp_fedavg,,10,0.37669102076017014,0.5987754906877285,0.11719636776390466,1.0,50.0,1.0,49.40596805307984,0.001
51,dp_publisher,dp_fedavg,,10,0.29354889777471815,0.5036435243942275,0.04838251986379115,1.0,50.0,2.0,18.021460917862246,0.001
51,dp_journal,dp_fedavg,,232,0.3800199693363579,0.6157861519684362,0.10584562996594779,0.1,200.0,0.0,inf,1e-05
51,dp_journal,dp_fedavg,,232,0.33644001613729674,0.5800928589925514,0.0627128263337117,0.1,200.0,0.5,50.301726361194156,1e-05
51,dp_journal,dp_fedavg,,232,0.32772022884550545,0.5559598274582696,0.07292849035187288,0.1,200.0,1.0,11.01567128229855,1e-05
51,dp_journal,dp_fedavg,,232,0.30731224354696673,0.5410221341030189,0.04540295119182747,0.1,200.0,2.0,3.6797458455819227,1e-05
51,dp_journal,dp_fedavg,,232,0.30900014558075456,0.5249416771224467,0.05959137343927355,0.1,200.0,4.0,1.5568078922121804,1e-05
47,ksweep,fl_fedavg,5.0,5,0.47745619247519056,0.6841832570702214,0.20062429057888762,,,,,
47,ksweep,fl_fedavg,10.0,10,0.4849582008034581,0.6857551075033833,0.20459704880817253,,,,,
47,ksweep,fl_fedavg,15.0,15,0.4828537975951308,0.6795539495243798,0.19863791146424517,,,,,
47,ksweep,fl_fedavg,20.0,20,0.48609048996910875,0.6820480720505663,0.20417139614074914,,,,,
47,journal,fl_fedavg,,225,0.40677156294918126,0.628901491599994,0.1336549375709421,1.0,50.0,,,
47,journal,fl_fedavg,,225,0.4215847586240987,0.636062179630848,0.1408910329171396,0.1,200.0,,,
47,dp_publisher,dp_fedavg,,10,0.44672835780832715,0.6643665949824087,0.15593076049943247,1.0,50.0,0.0,inf,0.001
47,dp_publisher,dp_fedavg,,10,0.42786479228340596,0.6562089792748804,0.128688989784336,1.0,50.0,0.3,365.1687424750462,0.001
47,dp_publisher,dp_fedavg,,10,0.4503804303447716,0.6540504823570625,0.18217934165720773,1.0,50.0,0.5,150.68496631292209,0.001
47,dp_publisher,dp_fedavg,,10,0.3388711158160027,0.5824521216743883,0.06526674233825198,1.0,50.0,1.0,49.40596805307984,0.001
47,dp_publisher,dp_fedavg,,10,0.292378553563043,0.5039911571705837,0.007945516458569807,1.0,50.0,2.0,18.021460917862246,0.001
47,dp_journal,dp_fedavg,,225,0.3760008661818545,0.6228535965144626,0.08995459704880818,0.1,200.0,0.0,inf,1e-05
47,dp_journal,dp_fedavg,,225,0.33252833274386207,0.5711353309295446,0.06299659477866061,0.1,200.0,0.5,50.301726361194156,1e-05
47,dp_journal,dp_fedavg,,225,0.31985714494243056,0.5575455910895065,0.049233825198637914,0.1,200.0,1.0,11.01567128229855,1e-05
47,dp_journal,dp_fedavg,,225,0.28151794408710934,0.48565683193481113,0.047105561861521,0.1,200.0,2.0,3.6797458455819227,1e-05
47,dp_journal,dp_fedavg,,225,0.2960748892064244,0.516281547262645,0.05207150964812713,0.1,200.0,4.0,1.5568078922121804,1e-05
49,ksweep,fl_fedavg,5.0,5,0.46789700743569257,0.6781681136611749,0.1858683314415437,,,,,
49,ksweep,fl_fedavg,10.0,10,0.4724540978930335,0.6767562136580858,0.18487514188422247,,,,,
49,ksweep,fl_fedavg,15.0,15,0.47175277797994786,0.6743601243388869,0.18884790011350738,,,,,
49,ksweep,fl_fedavg,20.0,20,0.47920799479822646,0.6788176427074303,0.19154370034052212,,,,,
49,journal,fl_fedavg,,227,0.4085121608346183,0.6280937743799323,0.1308172531214529,1.0,50.0,,,
49,journal,fl_fedavg,,227,0.43476797257437966,0.6514240838074856,0.14968785471055618,0.1,200.0,,,
49,dp_publisher,dp_fedavg,,10,0.43173119532988113,0.6548414930590929,0.14841089670828603,1.0,50.0,0.0,inf,0.001
49,dp_publisher,dp_fedavg,,10,0.43342006898238905,0.6463449654844241,0.1562145289443814,1.0,50.0,0.3,365.1687424750462,0.001
49,dp_publisher,dp_fedavg,,10,0.40591897588362014,0.6354649596085934,0.11904086265607264,1.0,50.0,0.5,150.68496631292209,0.001
49,dp_publisher,dp_fedavg,,10,0.357638050027738,0.5876317543298102,0.09208286038592509,1.0,50.0,1.0,49.40596805307984,0.001
49,dp_publisher,dp_fedavg,,10,0.28998838447916603,0.499909369090896,0.008796821793416572,1.0,50.0,2.0,18.021460917862246,0.001
49,dp_journal,dp_fedavg,,227,0.3836855919070537,0.6252606249675482,0.09250851305334847,0.1,200.0,0.0,inf,1e-05
49,dp_journal,dp_fedavg,,227,0.34822352767346254,0.5908341436699754,0.07377979568671963,0.1,200.0,0.5,50.301726361194156,1e-05
49,dp_journal,dp_fedavg,,227,0.3275299634801727,0.5695438779628088,0.05207150964812713,0.1,200.0,1.0,11.01567128229855,1e-05
49,dp_journal,dp_fedavg,,227,0.2793409442188631,0.48585335431719096,0.04866628830874007,0.1,200.0,2.0,3.6797458455819227,1e-05
49,dp_journal,dp_fedavg,,227,0.27012742831367703,0.4619055650820546,0.04228149829738933,0.1,200.0,4.0,1.5568078922121804,1e-05
50,ksweep,fl_fedavg,5.0,5,0.4660350724958229,0.6788862721140568,0.1765039727582293,,,,,
50,ksweep,fl_fedavg,10.0,10,0.4837113165720418,0.6841136253546695,0.19551645856980704,,,,,
50,ksweep,fl_fedavg,15.0,15,0.4777139649077429,0.6792546945849686,0.188422247446084,,,,,
50,ksweep,fl_fedavg,20.0,20,0.47974607722911955,0.6791766336156667,0.19282065834279227,,,,,
50,journal,fl_fedavg,,226,0.3990054357967252,0.6235978560776398,0.1210272417707151,1.0,50.0,,,
50,journal,fl_fedavg,,226,0.43910230804755196,0.6461600518111558,0.15805902383654938,0.1,200.0,,,
50,dp_publisher,dp_fedavg,,10,0.4526986156222138,0.6646529431404935,0.16657207718501701,1.0,50.0,0.0,inf,0.001
50,dp_publisher,dp_fedavg,,10,0.4518097135979183,0.6583682772182738,0.17295686719636777,1.0,50.0,0.3,365.1687424750462,0.001
50,dp_publisher,dp_fedavg,,10,0.4229707571942819,0.6370049004690805,0.13847900113507378,1.0,50.0,0.5,150.68496631292209,0.001
50,dp_publisher,dp_fedavg,,10,0.351702106023872,0.5742010529830357,0.08896140749148694,1.0,50.0,1.0,49.40596805307984,0.001
50,dp_publisher,dp_fedavg,,10,0.2919399996407131,0.5020161895895265,0.009222474460839954,1.0,50.0,2.0,18.021460917862246,0.001
50,dp_journal,dp_fedavg,,226,0.3677698410322042,0.6160261269074269,0.07817820658342792,0.1,200.0,0.0,inf,1e-05
50,dp_journal,dp_fedavg,,226,0.3246749539674635,0.5546014113166922,0.06853007945516458,0.1,200.0,0.5,50.301726361194156,1e-05
50,dp_journal,dp_fedavg,,226,0.31141971451964423,0.5473176241400682,0.04980136208853576,0.1,200.0,1.0,11.01567128229855,1e-05
50,dp_journal,dp_fedavg,,226,0.2920678605072168,0.5174718384054546,0.0373155505107832,0.1,200.0,2.0,3.6797458455819227,1e-05
50,dp_journal,dp_fedavg,,226,0.2944365605945227,0.5176289708686304,0.04426787741203178,0.1,200.0,4.0,1.5568078922121804,1e-05
43,ksweep,fl_fedavg,5.0,5,0.4725253646399048,0.6861713245003079,0.18870601589103292,,,,,
43,ksweep,fl_fedavg,10.0,10,0.47842479738635535,0.6848011271210336,0.1963677639046538,,,,,
43,ksweep,fl_fedavg,15.0,15,0.4731858934505223,0.6781995549419747,0.186577752553916,,,,,
43,ksweep,fl_fedavg,20.0,20,0.46971909188807487,0.675751937085233,0.18487514188422247,,,,,
43,journal,fl_fedavg,,230,0.38561732642262314,0.6111627843353247,0.11606129398410897,1.0,50.0,,,
43,journal,fl_fedavg,,230,0.41493065083026603,0.6306383040078555,0.13847900113507378,0.1,200.0,,,
43,dp_publisher,dp_fedavg,,10,0.43978045461201437,0.6620891765752845,0.1492622020431328,1.0,50.0,0.0,inf,0.001
43,dp_publisher,dp_fedavg,,10,0.4459239620223525,0.6619820774019102,0.15522133938706015,1.0,50.0,0.3,365.1687424750462,0.001
43,dp_publisher,dp_fedavg,,10,0.42953604687423286,0.6468033739361558,0.15394438138479002,1.0,50.0,0.5,150.68496631292209,0.001
43,dp_publisher,dp_fedavg,,10,0.37744326624343194,0.5996121886023343,0.10300794551645857,1.0,50.0,1.0,49.40596805307984,0.001
43,dp_publisher,dp_fedavg,,10,0.26466624545823186,0.4600341927009564,0.034903518728717366,1.0,50.0,2.0,18.021460917862246,0.001
43,dp_journal,dp_fedavg,,230,0.3704267817725595,0.619379100840165,0.08073212258796822,0.1,200.0,0.0,inf,1e-05
43,dp_journal,dp_fedavg,,230,0.33206697474219826,0.5783708347491632,0.06101021566401816,0.1,200.0,0.5,50.301726361194156,1e-05
43,dp_journal,dp_fedavg,,230,0.31526015208616454,0.5445856668509163,0.06356413166855845,0.1,200.0,1.0,11.01567128229855,1e-05
43,dp_journal,dp_fedavg,,230,0.29256086295383543,0.5076110163938305,0.05377412031782066,0.1,200.0,2.0,3.6797458455819227,1e-05
43,dp_journal,dp_fedavg,,230,0.2674783040830402,0.4655385159386837,0.03745743473325766,0.1,200.0,4.0,1.5568078922121804,1e-05
46,ksweep,fl_fedavg,5.0,5,0.4808197072153141,0.6860713441849979,0.20034052213393871,,,,,
46,ksweep,fl_fedavg,10.0,10,0.4842006465241476,0.6840461666777303,0.20502270147559593,,,,,
46,ksweep,fl_fedavg,15.0,15,0.4846674493006964,0.6801845332888155,0.20062429057888762,,,,,
46,ksweep,fl_fedavg,20.0,20,0.48176474136941944,0.676651073916504,0.20019863791146425,,,,,
46,journal,fl_fedavg,,222,0.4057032485203695,0.6271645230948408,0.12783768444948923,1.0,50.0,,,
46,journal,fl_fedavg,,222,0.4202131611886359,0.6435056214742552,0.12301362088535754,0.1,200.0,,,
46,dp_publisher,dp_fedavg,,10,0.45211861546350984,0.6657931311605029,0.16103859250851305,1.0,50.0,0.0,inf,0.001
46,dp_publisher,dp_fedavg,,10,0.45552942474207514,0.6639462085446671,0.1611804767309875,1.0,50.0,0.3,365.1687424750462,0.001
46,dp_publisher,dp_fedavg,,10,0.41874052247199767,0.638474548254438,0.1303916004540295,1.0,50.0,0.5,150.68496631292209,0.001
46,dp_publisher,dp_fedavg,,10,0.3708572310389821,0.5827892425304981,0.11010215664018161,1.0,50.0,1.0,49.40596805307984,0.001
46,dp_publisher,dp_fedavg,,10,0.28974262609451845,0.4998065009756903,0.014755959137343927,1.0,50.0,2.0,18.021460917862246,0.001
46,dp_journal,dp_fedavg,,222,0.3780520287021189,0.6205670299844823,0.08938706015891033,0.1,200.0,0.0,inf,1e-05
46,dp_journal,dp_fedavg,,222,0.3310471612876709,0.5664473759880958,0.06597616345062429,0.1,200.0,0.5,50.301726361194156,1e-05
46,dp_journal,dp_fedavg,,222,0.3323420798505978,0.5640613549442092,0.0699489216799092,0.1,200.0,1.0,11.01567128229855,1e-05
46,dp_journal,dp_fedavg,,222,0.2924833628423387,0.5174898306722305,0.04086265607264472,0.1,200.0,2.0,3.6797458455819227,1e-05
46,dp_journal,dp_fedavg,,222,0.2780517171387946,0.47829238764445575,0.04909194097616345,0.1,200.0,4.0,1.5568078922121804,1e-05
45,ksweep,fl_fedavg,5.0,5,0.46363030219645485,0.6734860945246329,0.17522701475595914,,,,,
45,ksweep,fl_fedavg,10.0,10,0.47705249779961423,0.6785468590924537,0.18714528944381384,,,,,
45,ksweep,fl_fedavg,15.0,15,0.47716230975907625,0.6762856583723686,0.18799659477866063,,,,,
45,ksweep,fl_fedavg,20.0,20,0.4750820217891808,0.6746213901268956,0.18288876276958002,,,,,
45,journal,fl_fedavg,,229,0.40406575901780123,0.6256688317087166,0.12287173666288309,1.0,50.0,,,
45,journal,fl_fedavg,,229,0.4143589844594856,0.63789430175874,0.12386492622020431,0.1,200.0,,,
45,dp_publisher,dp_fedavg,,10,0.4373062541280702,0.6572633548627099,0.14897843359818388,1.0,50.0,0.0,inf,0.001
45,dp_publisher,dp_fedavg,,10,0.44737143469016505,0.6561153208998829,0.15309307604994324,1.0,50.0,0.3,365.1687424750462,0.001
45,dp_publisher,dp_fedavg,,10,0.42542592800632495,0.6414356111816927,0.1362088535754824,1.0,50.0,0.5,150.68496631292209,0.001
45,dp_publisher,dp_fedavg,,10,0.3916674322018306,0.608818424837018,0.13251986379114641,1.0,50.0,1.0,49.40596805307984,0.001
45,dp_publisher,dp_fedavg,,10,0.2949252379636097,0.5105964469298785,0.04526106696935301,1.0,50.0,2.0,18.021460917862246,0.001
45,dp_journal,dp_fedavg,,229,0.3743396213063161,0.6148605730775222,0.0869750283768445,0.1,200.0,0.0,inf,1e-05
45,dp_journal,dp_fedavg,,229,0.3357750754886567,0.5845108683150103,0.06030079455164586,0.1,200.0,0.5,50.301726361194156,1e-05
45,dp_journal,dp_fedavg,,229,0.32041193609546115,0.5472593628798669,0.06469920544835414,0.1,200.0,1.0,11.01567128229855,1e-05
45,dp_journal,dp_fedavg,,229,0.2993389319464735,0.503322111855047,0.06952326901248582,0.1,200.0,2.0,3.6797458455819227,1e-05
45,dp_journal,dp_fedavg,,229,0.28868538065091487,0.4880536606622337,0.05987514188422247,0.1,200.0,4.0,1.5568078922121804,1e-05
