regime,seed,model,view,silo,auprc,roc_auc,recall_at_5fpr,best_epoch,gpu_hours,tokens_seen
central,44,central_lora,pooled,ALL,0.767429296968329,0.8673867284110873,0.5025539160045402,2,0.44,70922207
central,44,central_lora,own_silo,Elsevier BV,0.6303401694163417,0.7879179787074523,0.3694207027540361,2,0.44,70922207
central,44,central_lora,own_silo,Hindawi Publishing Corporation,0.8418989464593286,0.8987011356897583,0.5332244008714597,2,0.44,70922207
central,44,central_lora,own_silo,IOS Press,0.7552196877297099,0.9071141225949328,0.4771084337349398,2,0.44,70922207
central,44,central_lora,own_silo,Other,0.7174919535309676,0.8466156666897743,0.4727021423635107,2,0.44,70922207
central,44,central_lora,own_silo,Public Library of Science,0.6441870254465017,0.8372817129808382,0.3765182186234818,2,0.44,70922207
central,44,central_lora,own_silo,SAGE Publishing,0.8489617478841851,0.9223384311113247,0.695067264573991,2,0.44,70922207
central,44,central_lora,own_silo,Spandidos Publishing,0.5903375398905493,0.8134067753897108,0.3617021276595745,2,0.44,70922207
central,44,central_lora,own_silo,Springer Science+Business Media,0.7816212829372979,0.8740569734972811,0.6040268456375839,2,0.44,70922207
central,44,central_lora,own_silo,Taylor & Francis,0.7803814014044347,0.8922276893110741,0.5291479820627802,2,0.44,70922207
central,44,central_lora,own_silo,Wiley,0.8902330397009065,0.9238171826638831,0.7346221441124781,2,0.44,70922207
central,44,central_lora,prospective,ALL,0.20239136682388686,0.8900604025928918,0.5868544600938967,2,0.44,70922207
